Time,User Load,User Power,Charge,Discharge,SOC
0,0.317631,0.974263,0.8,-0.4,0.5
1,0.195636,0.719061,0.8,-0.4,0.5
2,0.411034,0.959803,0.8,-0.4,0.5
3,0.661984,0.650039,0.8,-0.4,0.5
4,0.499562,0.483321,0.8,-0.4,0.5
5,0.477527,0.158634,0.8,-0.4,0.5
6,0.230112,0.935999,0.8,-0.4,0.5
7,0.269194,0.552381,0.8,-0.4,0.5
8,0.57121,0.041035,0.8,-0.4,0.5
9,0.41054,0.82792,0.8,-0.4,0.5
10,0.467053,0.6411,0.8,-0.4,0.5
11,0.69438,0.728597,0.8,-0.4,0.5
12,0.531675,0.520998,0.8,-0.4,0.5
13,0.235041,0.469885,0.8,-0.4,0.5
14,0.707858,0.73638,0.8,-0.4,0.5
15,0.581252,0.686649,0.8,-0.4,0.5
16,0.567229,0.964392,0.8,-0.4,0.5
17,0.00635881,0.0314107,0.8,-0.4,0.5
18,0.650723,0.126148,0.8,-0.4,0.5
19,0.803636,0.432411,0.8,-0.4,0.5
20,0.700873,0.553842,0.8,-0.4,0.5
21,0.856578,0.158406,0.8,-0.4,0.5
22,0.498112,0.00113957,0.8,-0.4,0.5
23,0.379749,0.941245,0.8,-0.4,0.5
24,0.424129,0.596956,0.8,-0.4,0.5
25,0.410033,0.0563867,0.8,-0.4,0.5
26,0.422037,0.788333,0.8,-0.4,0.5
27,0.124467,0.393131,0.8,-0.4,0.5
28,0.170052,0.0768818,0.8,-0.4,0.5
29,0.535369,0.947241,0.8,-0.4,0.5
30,0.841774,0.237887,0.8,-0.4,0.5
31,0.917378,0.0499331,0.8,-0.4,0.5
32,0.843788,0.640418,0.8,-0.4,0.5
33,0.781228,0.453066,0.8,-0.4,0.5
34,0.0557261,0.440364,0.8,-0.4,0.5
35,0.974492,0.819028,0.8,-0.4,0.5
36,0.4181,0.084972,0.8,-0.4,0.5
37,0.826954,0.991404,0.8,-0.4,0.5
38,0.500384,0.518139,0.8,-0.4,0.5
39,0.647117,0.992077,0.8,-0.4,0.5
40,0.916845,0.810913,0.8,-0.4,0.5
41,0.665098,0.253954,0.8,-0.4,0.5
42,0.326286,0.89009,0.8,-0.4,0.5
43,0.153013,0.828362,0.8,-0.4,0.5
44,0.72496,0.849189,0.8,-0.4,0.5
45,0.138409,0.68621,0.8,-0.4,0.5
46,0.616506,0.609606,0.8,-0.4,0.5
47,0.301038,0.34955,0.8,-0.4,0.5
48,-4.8367e-26,-4.8367e-26,0.8,-0.4,0.5
49,-4.8367e-26,-4.8367e-26,0.8,-0.4,0.5
50,-4.8367e-26,-4.8367e-26,0.8,-0.4,0.5
51,-4.8367e-26,-4.8367e-26,0.8,-0.4,0.5
52,-4.8367e-26,-4.8367e-26,0.8,-0.4,0.5
53,-4.8367e-26,-4.8367e-26,0.8,-0.4,0.5
54,-4.8367e-26,-4.8367e-26,0.8,-0.4,0.5
55,-4.8367e-26,-4.8367e-26,0.8,-0.4,0.5
56,-4.8367e-26,-4.8367e-26,0.8,-0.4,0.5
57,-4.8367e-26,-4.8367e-26,0.8,-0.4,0.5
58,-4.8367e-26,-4.8367e-26,0.8,-0.4,0.5
59,-4.8367e-26,-4.8367e-26,0.8,-0.4,0.5
60,-4.8367e-26,-4.8367e-26,0.8,-0.4,0.5
61,-4.8367e-26,-4.8367e-26,0.8,-0.4,0.5
62,-4.8367e-26,-4.8367e-26,0.8,-0.4,0.5
63,-4.8367e-26,-4.8367e-26,0.8,-0.4,0.5
64,-2.53017e-98,-2.53017e-98,0.8,-0.4,0.5
65,-2.53017e-98,-2.53017e-98,0.8,-0.4,0.5
66,0,0,0.8,-0.4,0.5
67,0,0,0.8,-0.4,0.5
68,-2.65698e+303,-2.65698e+303,0.8,-0.4,0.5
69,3.20248e-77,1.08975e-38,0.8,-0.4,0.5
70,0.974263,7.96001e-317,0.8,-0.4,0.5
71,0.719061,0,0.8,-0.4,0.5
72,0.959803,0,0.8,-0.4,0.5
73,0.650039,7.98624e-317,0.8,-0.4,0.5
74,0.483321,7.98669e-317,0.8,-0.4,0.5
75,0.158634,0,0.8,-0.4,0.5
76,0.935999,0,0.8,-0.4,0.5
77,0.552381,0,0.8,-0.4,0.5
78,0.041035,7.98549e-317,0.8,-0.4,0.5
79,0.82792,4.24399e-314,0.8,-0.4,0.5
80,0.6411,-4.8367e-26,0.8,-0.4,0.5
81,0.728597,0,0.8,-0.4,0.5
82,0.520998,0,0.8,-0.4,0.5
83,0.469885,1,0.8,-0.4,0.5
84,0.73638,0,0.8,-0.4,0.5
85,0.686649,0,0.8,-0.4,0.5
86,0.964392,0,0.8,-0.4,0.5
87,0.0314107,1e+99,0.8,-0.4,0.5
88,0.126148,0,0.8,-0.4,0.5
89,0.432411,0,0.8,-0.4,0.5
90,0.553842,0.4,0.8,-0.4,0.5
91,0.158406,-1.79769e+308,0.8,-0.4,0.5
92,0.00113957,1.79769e+308,0.8,-0.4,0.5
93,0.941245,-1.79769e+308,0.8,-0.4,0.5
94,0.596956,1.79769e+308,0.8,-0.4,0.5
95,0.0563867,-1e+20,0.8,-0.4,0.5
96,0.788333,1e+20,0.8,-0.4,0.5
97,0.393131,0.8,0.8,-0.4,0.5
98,0.0768818,0.8,0.8,-0.4,0.5
99,0.947241,0,0.8,-0.4,0.5
100,0.237887,0.8,0.8,-0.4,0.5
101,0.0499331,0.8,0.8,-0.4,0.5
102,0.640418,0,0.8,-0.4,0.5
103,0.453066,0,0.8,-0.4,0.5
104,0.440364,0.8,0.8,-0.4,0.5
105,0.819028,0,0.8,-0.4,0.5
106,0.084972,1.47699e-316,0.8,-0.4,0.5
107,0.991404,4.24597e-317,0.8,-0.4,0.5
108,0.518139,0,0.8,-0.4,0.5
109,0.992077,0,0.8,-0.4,0.5
110,0.810913,0,0.8,-0.4,0.5
111,0.253954,0,0.8,-0.4,0.5
112,0.89009,0,0.8,-0.4,0.5
113,0.828362,0,0.8,-0.4,0.5
114,0.849189,0,0.8,-0.4,0.5
115,0.68621,0,0.8,-0.4,0.5
116,0.609606,0,0.8,-0.4,0.5
117,0.34955,0,0.8,-0.4,0.5
118,-4.8367e-26,0,0.8,-0.4,0.5
119,-4.8367e-26,0,0.8,-0.4,0.5
120,-4.8367e-26,0,0.8,-0.4,0.5
121,-4.8367e-26,0,0.8,-0.4,0.5
122,-4.8367e-26,4.2781e-317,0.8,-0.4,0.5
123,-4.8367e-26,7.95012e-317,0.8,-0.4,0.5
124,-4.8367e-26,0,0.8,-0.4,0.5
125,-4.8367e-26,nan,0.8,-0.4,0.5
126,-4.8367e-26,8.68957e-311,0.8,-0.4,0.5
127,-4.8367e-26,nan,0.8,-0.4,0.5
128,-4.8367e-26,nan,0.8,-0.4,0.5
129,-4.8367e-26,0,0.8,-0.4,0.5
130,-4.8367e-26,1.97626e-323,0.8,-0.4,0.5
131,-4.8367e-26,0,0.8,-0.4,0.5
132,-4.8367e-26,0,0.8,-0.4,0.5
133,-4.8367e-26,0,0.8,-0.4,0.5
134,-2.53017e-98,0,0.8,-0.4,0.5
135,-2.53017e-98,0,0.8,-0.4,0.5
136,0,nan,0.8,-0.4,0.5
137,0,-4.8367e-26,0.8,-0.4,0.5
138,-2.65698e+303,0,0.8,-0.4,0.5
139,1.08975e-38,0,0.8,-0.4,0.5
140,7.96001e-317,1,0.8,-0.4,0.5
141,0,0,0.8,-0.4,0.5
142,0,0,0.8,-0.4,0.5
143,7.98624e-317,0,0.8,-0.4,0.5
144,7.98669e-317,1e+99,0.8,-0.4,0.5
145,0,0,0.8,-0.4,0.5
146,0,0,0.8,-0.4,0.5
147,0,-0.4,0.8,-0.4,0.5
148,7.98549e-317,-1.79769e+308,0.8,-0.4,0.5
149,4.24399e-314,1.79769e+308,0.8,-0.4,0.5
150,-4.8367e-26,-1.79769e+308,0.8,-0.4,0.5
151,0,1.79769e+308,0.8,-0.4,0.5
152,0,-1e+20,0.8,-0.4,0.5
153,1,1e+20,0.8,-0.4,0.5
154,0,0,0.8,-0.4,0.5
155,0,0,0.8,-0.4,0.5
156,0,0,0.8,-0.4,0.5
157,1e+99,0,0.8,-0.4,0.5
158,0,0,0.8,-0.4,0.5
159,0,0,0.8,-0.4,0.5
160,0.4,-0.8,0.8,-0.4,0.5
161,-1.79769e+308,0,0.8,-0.4,0.5
162,1.79769e+308,0,0.8,-0.4,0.5
163,-1.79769e+308,1.37458e-316,0.8,-0.4,0.5
164,1.79769e+308,4.24597e-317,0.8,-0.4,0.5
165,-1e+20,0,0.8,-0.4,0.5
166,1e+20,0,0.8,-0.4,0.5
167,0.8,0,0.8,-0.4,0.5
168,0.8,0,0.8,-0.4,0.5
169,0,0,0.8,-0.4,0.5
170,0.8,0,0.8,-0.4,0.5
171,0.8,0,0.8,-0.4,0.5
172,0,0,0.8,-0.4,0.5
173,0,0,0.8,-0.4,0.5
174,0.8,0,0.8,-0.4,0.5
175,0,0,0.8,-0.4,0.5
176,1.47699e-316,0,0.8,-0.4,0.5
177,4.24597e-317,0,0.8,-0.4,0.5
178,0,0,0.8,-0.4,0.5
179,0,7.95022e-317,0.8,-0.4,0.5
180,0,7.95033e-317,0.8,-0.4,0.5
181,0,0,0.8,-0.4,0.5
182,0,nan,0.8,-0.4,0.5
183,0,4.34373e-311,0.8,-0.4,0.5
184,0,nan,0.8,-0.4,0.5
185,0,nan,0.8,-0.4,0.5
186,0,0,0.8,-0.4,0.5
187,0,1.4822e-323,0.8,-0.4,0.5
188,0,0,0.8,-0.4,0.5
189,0,0,0.8,-0.4,0.5
190,0,0,0.8,-0.4,0.5
191,0,0,0.8,-0.4,0.5
192,4.2781e-317,0,0.8,-0.4,0.5
193,7.95012e-317,nan,0.8,-0.4,0.5
194,0,-4.8367e-26,0.8,-0.4,0.5
195,nan,-2.53017e-98,0.8,-0.4,0.5
196,8.68957e-311,-2.53017e-98,0.8,-0.4,0.5
197,nan,-2.65698e+303,0.8,-0.4,0.5
198,nan,0,0.8,-0.4,0.5
199,0,0,0.8,-0.4,0.5
200,1.97626e-323,-2.65698e+303,0.8,-0.4,0.5
201,0,3.20232e-77,0.8,-0.4,0.5
202,0,0,0.8,-0.4,0.5
203,0,0,0.8,-0.4,0.5
204,0,0,0.8,-0.4,0.5
205,0,0,0.8,-0.4,0.5
206,nan,0,0.8,-0.4,0.5
207,-4.8367e-26,0,0.8,-0.4,0.5
208,0,0,0.8,-0.4,0.5
209,0,1e+99,0.8,-0.4,0.5
210,1,1e+99,0.8,-0.4,0.5
211,0,-0.9999,0.8,-0.4,0.5
212,0,1e-06,0.8,-0.4,0.5
213,0,1e+100,0.8,-0.4,0.5
214,1e+99,1e-06,0.8,-0.4,0.5
215,0,1e-07,0.8,-0.4,0.5
216,0,1e-10,0.8,-0.4,0.5
217,-0.4,-1,0.8,-0.4,0.5
218,-1.79769e+308,0.01,0.8,-0.4,0.5
219,1.79769e+308,0,0.8,-0.4,0.5
220,-1.79769e+308,0,0.8,-0.4,0.5
221,1.79769e+308,-4.8367e-26,0.8,-0.4,0.5
222,-1e+20,-4.8367e-26,0.8,-0.4,0.5
223,1e+20,7.98707e-317,0.8,-0.4,0.5
224,0,0,0.8,-0.4,0.5
225,0,0,0.8,-0.4,0.5
226,0,0,0.8,-0.4,0.5
227,0,0,0.8,-0.4,0.5
228,0,0,0.8,-0.4,0.5
229,0,0,0.8,-0.4,0.5
230,-0.8,0,0.8,-0.4,0.5
231,0,0,0.8,-0.4,0.5
232,0,0,0.8,-0.4,0.5
233,1.37458e-316,8.00468e-317,0.8,-0.4,0.5
234,4.24597e-317,8.004e-317,0.8,-0.4,0.5
235,0,8.00694e-317,0.8,-0.4,0.5
236,0,0,0.8,-0.4,0.5
237,0,0,0.8,-0.4,0.5
238,0,0,0.8,-0.4,0.5
239,0,nan,0.8,-0.4,0.5
240,0,nan,0.8,-0.4,0.5
241,0,nan,0.8,-0.4,0.5
242,0,0,0.8,-0.4,0.5
243,0,0,0.8,-0.4,0.5
244,0,0,0.8,-0.4,0.5
245,0,0,0.8,-0.4,0.5
246,0,0,0.8,-0.4,0.5
247,0,0,0.8,-0.4,0.5
248,0,0,0.8,-0.4,0.5
249,7.95022e-317,0,0.8,-0.4,0.5
250,7.95033e-317,0,0.8,-0.4,0.5
251,0,0,0.8,-0.4,0.5
252,nan,0,0.8,-0.4,0.5
253,4.34373e-311,0,0.8,-0.4,0.5
254,nan,4.94066e-324,0.8,-0.4,0.5
255,nan,0,0.8,-0.4,0.5
256,0,2.122e-312,0.8,-0.4,0.5
257,1.4822e-323,nan,0.8,-0.4,0.5
258,0,4.94066e-324,0.8,-0.4,0.5
259,0,9.88131e-324,0.8,-0.4,0.5
260,0,4.94066e-324,0.8,-0.4,0.5
261,0,8.48798e-314,0.8,-0.4,0.5
262,0,4.94066e-324,0.8,-0.4,0.5
263,nan,2.122e-314,0.8,-0.4,0.5
264,-4.8367e-26,2.122e-314,0.8,-0.4,0.5
265,-2.53017e-98,0,0.8,-0.4,0.5
266,-2.53017e-98,0,0.8,-0.4,0.5
267,-2.65698e+303,2.122e-314,0.8,-0.4,0.5
268,0,2.122e-314,0.8,-0.4,0.5
269,0,2.122e-314,0.8,-0.4,0.5
270,-2.65698e+303,4.94066e-324,0.8,-0.4,0.5
271,3.20232e-77,2.122e-314,0.8,-0.4,0.5
272,0,0,0.8,-0.4,0.5
273,0,0,0.8,-0.4,0.5
274,0,0,0.8,-0.4,0.5
275,0,0,0.8,-0.4,0.5
276,0,0,0.8,-0.4,0.5
277,0,4.94066e-324,0.8,-0.4,0.5
278,0,2.122e-314,0.8,-0.4,0.5
279,1e+99,0,0.8,-0.4,0.5
280,1e+99,2.122e-314,0.8,-0.4,0.5
281,-0.9999,2.122e-314,0.8,-0.4,0.5
282,1e-06,-4.8367e-26,0.8,-0.4,0.5
283,1e+100,1.2,0.8,-0.4,0.5
284,1e-06,2.122e-314,0.8,-0.4,0.5
285,1e-07,2.122e-314,0.8,-0.4,0.5
286,1e-10,-2.53017e-98,0.8,-0.4,0.5
287,-1,-2.53017e-98,0.8,-0.4,0.5
288,0.01,0,0.8,-0.4,0.5
289,0,0,0.8,-0.4,0.5
290,0,-2.65698e+303,0.8,-0.4,0.5
291,-4.8367e-26,3.20246e-77,0.8,-0.4,0.5
292,-4.8367e-26,1.00195e-316,0.8,-0.4,0.5
293,7.98707e-317,0,0.8,-0.4,0.5
294,0,0,0.8,-0.4,0.5
295,0,0,0.8,-0.4,0.5
296,0,4.94066e-324,0.8,-0.4,0.5
297,0,-1,0.8,-0.4,0.5
298,0,-4.8367e-26,0.8,-0.4,0.5
299,0,3.96886e-317,0.8,-0.4,0.5
300,0,-2.53017e-98,0.8,-0.4,0.5
301,0,-2.53017e-98,0.8,-0.4,0.5
302,0,0,0.8,-0.4,0.5
303,8.00468e-317,0,0.8,-0.4,0.5
304,8.004e-317,-2.65698e+303,0.8,-0.4,0.5
305,8.00694e-317,3.20243e-77,0.8,-0.4,0.5
306,0,6.95212e-310,0.8,-0.4,0.5
307,0,6.95212e-310,0.8,-0.4,0.5
308,0,6.95212e-310,0.8,-0.4,0.5
309,nan,6.95212e-310,0.8,-0.4,0.5
310,nan,6.95212e-310,0.8,-0.4,0.5
311,nan,6.95212e-310,0.8,-0.4,0.5
312,0,-2.53017e-98,0.8,-0.4,0.5
313,0,-2.53017e-98,0.8,-0.4,0.5
314,0,0,0.8,-0.4,0.5
315,0,0,0.8,-0.4,0.5
316,0,-2.65698e+303,0.8,-0.4,0.5
317,0,5.6582e-05,0.8,-0.4,0.5
318,0,-2.53017e-98,0.8,-0.4,0.5
319,0,-2.53017e-98,0.8,-0.4,0.5
320,0,-2.65698e+303,0.8,-0.4,0.5
321,0,-2.65698e+303,0.8,-0.4,0.5
322,0,0,0.8,-0.4,0.5
323,0,0,0.8,-0.4,0.5
324,4.94066e-324,3.11261e-322,0.8,-0.4,0.5
325,0,3.20242e-77,0.8,-0.4,0.5
326,2.122e-312,7.98624e-317,0.8,-0.4,0.5
327,nan,8.0126e-317,0.8,-0.4,0.5
328,4.94066e-324,8.08208e-317,0.8,-0.4,0.5
329,9.88131e-324,8.08298e-317,0.8,-0.4,0.5
330,4.94066e-324,7.9605e-317,0.8,-0.4,0.5
331,8.48798e-314,7.9614e-317,0.8,-0.4,0.5
332,4.94066e-324,7.9623e-317,0.8,-0.4,0.5
333,2.122e-314,7.9632e-317,0.8,-0.4,0.5
334,2.122e-314,7.93739e-317,0.8,-0.4,0.5
335,0,7.9383e-317,0.8,-0.4,0.5
336,0,7.9392e-317,0.8,-0.4,0.5
337,2.122e-314,7.9401e-317,0.8,-0.4,0.5
338,2.122e-314,7.941e-317,0.8,-0.4,0.5
339,2.122e-314,7.9419e-317,0.8,-0.4,0.5
340,4.94066e-324,7.9428e-317,0.8,-0.4,0.5
341,2.122e-314,7.9437e-317,0.8,-0.4,0.5
342,0,7.921e-317,0.8,-0.4,0.5
343,0,7.9219e-317,0.8,-0.4,0.5
344,0,7.9228e-317,0.8,-0.4,0.5
345,0,7.9237e-317,0.8,-0.4,0.5
346,0,7.9246e-317,0.8,-0.4,0.5
347,4.94066e-324,7.9255e-317,0.8,-0.4,0.5
348,2.122e-314,7.92641e-317,0.8,-0.4,0.5
349,0,7.92731e-317,0.8,-0.4,0.5
350,2.122e-314,7.92821e-317,0.8,-0.4,0.5
351,2.122e-314,7.92911e-317,0.8,-0.4,0.5
352,-4.8367e-26,7.93001e-317,0.8,-0.4,0.5
353,1.2,7.93091e-317,0.8,-0.4,0.5
354,2.122e-314,7.93181e-317,0.8,-0.4,0.5
355,2.122e-314,7.93271e-317,0.8,-0.4,0.5
356,-2.53017e-98,7.93362e-317,0.8,-0.4,0.5
357,-2.53017e-98,7.93452e-317,0.8,-0.4,0.5
358,0,9.19622e-317,0.8,-0.4,0.5
359,0,9.19712e-317,0.8,-0.4,0.5
360,-2.65698e+303,9.19802e-317,0.8,-0.4,0.5
361,3.20246e-77,9.19892e-317,0.8,-0.4,0.5
362,1.00195e-316,9.19982e-317,0.8,-0.4,0.5
363,0,9.20072e-317,0.8,-0.4,0.5
364,0,9.20162e-317,0.8,-0.4,0.5
365,0,9.20253e-317,0.8,-0.4,0.5
366,4.94066e-324,9.20343e-317,0.8,-0.4,0.5
367,-1,9.20433e-317,0.8,-0.4,0.5
368,-4.8367e-26,9.20523e-317,0.8,-0.4,0.5
369,3.96886e-317,9.20613e-317,0.8,-0.4,0.5
370,-2.53017e-98,9.20703e-317,0.8,-0.4,0.5
371,-2.53017e-98,9.20793e-317,0.8,-0.4,0.5
372,0,9.20883e-317,0.8,-0.4,0.5
373,0,9.20974e-317,0.8,-0.4,0.5
374,-2.65698e+303,9.21064e-317,0.8,-0.4,0.5
375,3.20243e-77,9.21154e-317,0.8,-0.4,0.5
376,6.95212e-310,9.21244e-317,0.8,-0.4,0.5
377,6.95212e-310,9.21334e-317,0.8,-0.4,0.5
378,6.95212e-310,9.21424e-317,0.8,-0.4,0.5
379,6.95212e-310,9.21514e-317,0.8,-0.4,0.5
380,6.95212e-310,9.21604e-317,0.8,-0.4,0.5
381,6.95212e-310,9.21694e-317,0.8,-0.4,0.5
382,-2.53017e-98,9.21785e-317,0.8,-0.4,0.5
383,-2.53017e-98,9.21875e-317,0.8,-0.4,0.5
384,0,9.21965e-317,0.8,-0.4,0.5
385,0,9.22055e-317,0.8,-0.4,0.5
386,-2.65698e+303,9.22145e-317,0.8,-0.4,0.5
387,5.6582e-05,9.22235e-317,0.8,-0.4,0.5
388,-2.53017e-98,9.22325e-317,0.8,-0.4,0.5
389,-2.53017e-98,9.22415e-317,0.8,-0.4,0.5
390,-2.65698e+303,9.27781e-317,0.8,-0.4,0.5
391,-2.65698e+303,9.27871e-317,0.8,-0.4,0.5
392,0,9.27962e-317,0.8,-0.4,0.5
393,0,9.28052e-317,0.8,-0.4,0.5
394,3.11261e-322,9.28142e-317,0.8,-0.4,0.5
395,3.20242e-77,9.28232e-317,0.8,-0.4,0.5
396,7.98624e-317,9.28322e-317,0.8,-0.4,0.5
397,8.0126e-317,9.28412e-317,0.8,-0.4,0.5
398,8.08208e-317,9.28502e-317,0.8,-0.4,0.5
399,8.08298e-317,9.28592e-317,0.8,-0.4,0.5
400,7.9605e-317,9.28683e-317,0.8,-0.4,0.5
401,7.9614e-317,9.28773e-317,0.8,-0.4,0.5
402,7.9623e-317,9.28863e-317,0.8,-0.4,0.5
403,7.9632e-317,9.28953e-317,0.8,-0.4,0.5
404,7.93739e-317,9.29043e-317,0.8,-0.4,0.5
405,7.9383e-317,9.29133e-317,0.8,-0.4,0.5
406,7.9392e-317,9.29223e-317,0.8,-0.4,0.5
407,7.9401e-317,9.29313e-317,0.8,-0.4,0.5
408,7.941e-317,9.29403e-317,0.8,-0.4,0.5
409,7.9419e-317,9.29494e-317,0.8,-0.4,0.5
410,7.9428e-317,9.29584e-317,0.8,-0.4,0.5
411,7.9437e-317,9.29674e-317,0.8,-0.4,0.5
412,7.921e-317,9.29764e-317,0.8,-0.4,0.5
413,7.9219e-317,9.29854e-317,0.8,-0.4,0.5
414,7.9228e-317,9.29944e-317,0.8,-0.4,0.5
415,7.9237e-317,9.30034e-317,0.8,-0.4,0.5
416,7.9246e-317,9.30124e-317,0.8,-0.4,0.5
417,7.9255e-317,9.30215e-317,0.8,-0.4,0.5
418,7.92641e-317,9.30305e-317,0.8,-0.4,0.5
419,7.92731e-317,9.30395e-317,0.8,-0.4,0.5
420,7.92821e-317,9.30485e-317,0.8,-0.4,0.5
421,7.92911e-317,9.30575e-317,0.8,-0.4,0.5
422,7.93001e-317,9.30665e-317,0.8,-0.4,0.5
423,7.93091e-317,9.30755e-317,0.8,-0.4,0.5
424,7.93181e-317,9.30845e-317,0.8,-0.4,0.5
425,7.93271e-317,9.30935e-317,0.8,-0.4,0.5
426,7.93362e-317,9.31026e-317,0.8,-0.4,0.5
427,7.93452e-317,9.31116e-317,0.8,-0.4,0.5
428,9.19622e-317,9.31206e-317,0.8,-0.4,0.5
429,9.19712e-317,9.31296e-317,0.8,-0.4,0.5
430,9.19802e-317,9.31386e-317,0.8,-0.4,0.5
431,9.19892e-317,9.31476e-317,0.8,-0.4,0.5
432,9.19982e-317,9.31566e-317,0.8,-0.4,0.5
433,9.20072e-317,9.31656e-317,0.8,-0.4,0.5
434,9.20162e-317,9.31747e-317,0.8,-0.4,0.5
435,9.20253e-317,9.31837e-317,0.8,-0.4,0.5
436,9.20343e-317,9.31927e-317,0.8,-0.4,0.5
437,9.20433e-317,9.32017e-317,0.8,-0.4,0.5
438,9.20523e-317,9.32107e-317,0.8,-0.4,0.5
439,9.20613e-317,9.32197e-317,0.8,-0.4,0.5
440,9.20703e-317,9.32287e-317,0.8,-0.4,0.5
441,9.20793e-317,9.32377e-317,0.8,-0.4,0.5
442,9.20883e-317,9.32467e-317,0.8,-0.4,0.5
443,9.20974e-317,9.32558e-317,0.8,-0.4,0.5
444,9.21064e-317,9.32648e-317,0.8,-0.4,0.5
445,9.21154e-317,9.32738e-317,0.8,-0.4,0.5
446,9.21244e-317,9.32828e-317,0.8,-0.4,0.5
447,9.21334e-317,9.32918e-317,0.8,-0.4,0.5
448,9.21424e-317,9.33008e-317,0.8,-0.4,0.5
449,9.21514e-317,9.33098e-317,0.8,-0.4,0.5
450,9.21604e-317,9.33188e-317,0.8,-0.4,0.5
451,9.21694e-317,9.33279e-317,0.8,-0.4,0.5
452,9.21785e-317,9.33369e-317,0.8,-0.4,0.5
453,9.21875e-317,9.33459e-317,0.8,-0.4,0.5
454,9.21965e-317,9.44086e-317,0.8,-0.4,0.5
455,9.22055e-317,9.44176e-317,0.8,-0.4,0.5
456,9.22145e-317,9.44267e-317,0.8,-0.4,0.5
457,9.22235e-317,9.44357e-317,0.8,-0.4,0.5
458,9.22325e-317,9.44447e-317,0.8,-0.4,0.5
459,9.22415e-317,9.44537e-317,0.8,-0.4,0.5
460,9.27781e-317,9.44627e-317,0.8,-0.4,0.5
461,9.27871e-317,9.44717e-317,0.8,-0.4,0.5
462,9.27962e-317,9.44807e-317,0.8,-0.4,0.5
463,9.28052e-317,9.44897e-317,0.8,-0.4,0.5
464,9.28142e-317,9.44988e-317,0.8,-0.4,0.5
465,9.28232e-317,9.45078e-317,0.8,-0.4,0.5
466,9.28322e-317,9.45168e-317,0.8,-0.4,0.5
467,9.28412e-317,9.45258e-317,0.8,-0.4,0.5
468,9.28502e-317,9.45348e-317,0.8,-0.4,0.5
469,9.28592e-317,9.45438e-317,0.8,-0.4,0.5
470,9.28683e-317,9.45528e-317,0.8,-0.4,0.5
471,9.28773e-317,9.45618e-317,0.8,-0.4,0.5
472,9.28863e-317,9.45708e-317,0.8,-0.4,0.5
473,9.28953e-317,9.45799e-317,0.8,-0.4,0.5
474,9.29043e-317,9.45889e-317,0.8,-0.4,0.5
475,9.29133e-317,9.45979e-317,0.8,-0.4,0.5
476,9.29223e-317,9.46069e-317,0.8,-0.4,0.5
477,9.29313e-317,9.46159e-317,0.8,-0.4,0.5
478,9.29403e-317,9.46249e-317,0.8,-0.4,0.5
479,9.29494e-317,9.46339e-317,0.8,-0.4,0.5
480,9.29584e-317,9.46429e-317,0.8,-0.4,0.5
481,9.29674e-317,9.4652e-317,0.8,-0.4,0.5
482,9.29764e-317,9.4661e-317,0.8,-0.4,0.5
483,9.29854e-317,9.467e-317,0.8,-0.4,0.5
484,9.29944e-317,9.4679e-317,0.8,-0.4,0.5
485,9.30034e-317,9.4688e-317,0.8,-0.4,0.5
486,9.30124e-317,9.4697e-317,0.8,-0.4,0.5
487,9.30215e-317,9.4706e-317,0.8,-0.4,0.5
488,9.30305e-317,9.4715e-317,0.8,-0.4,0.5
489,9.30395e-317,9.4724e-317,0.8,-0.4,0.5
490,9.30485e-317,9.47331e-317,0.8,-0.4,0.5
491,9.30575e-317,9.47421e-317,0.8,-0.4,0.5
492,9.30665e-317,9.47511e-317,0.8,-0.4,0.5
493,9.30755e-317,9.47601e-317,0.8,-0.4,0.5
494,9.30845e-317,9.47691e-317,0.8,-0.4,0.5
495,9.30935e-317,9.47781e-317,0.8,-0.4,0.5
496,9.31026e-317,9.47871e-317,0.8,-0.4,0.5
497,9.31116e-317,9.47961e-317,0.8,-0.4,0.5
498,9.31206e-317,9.48052e-317,0.8,-0.4,0.5
499,9.31296e-317,9.48142e-317,0.8,-0.4,0.5
500,9.31386e-317,9.48232e-317,0.8,-0.4,0.5
501,9.31476e-317,9.48322e-317,0.8,-0.4,0.5
502,9.31566e-317,9.48412e-317,0.8,-0.4,0.5
503,9.31656e-317,9.48502e-317,0.8,-0.4,0.5
504,9.31747e-317,9.48592e-317,0.8,-0.4,0.5
505,9.31837e-317,9.48682e-317,0.8,-0.4,0.5
506,9.31927e-317,9.48772e-317,0.8,-0.4,0.5
507,9.32017e-317,9.48863e-317,0.8,-0.4,0.5
508,9.32107e-317,9.48953e-317,0.8,-0.4,0.5
509,9.32197e-317,9.49043e-317,0.8,-0.4,0.5
510,9.32287e-317,9.49133e-317,0.8,-0.4,0.5
511,9.32377e-317,9.49223e-317,0.8,-0.4,0.5
512,9.32467e-317,9.49313e-317,0.8,-0.4,0.5
513,9.32558e-317,9.49403e-317,0.8,-0.4,0.5
514,9.32648e-317,9.49493e-317,0.8,-0.4,0.5
515,9.32738e-317,9.49583e-317,0.8,-0.4,0.5
516,9.32828e-317,9.49674e-317,0.8,-0.4,0.5
517,9.32918e-317,9.49764e-317,0.8,-0.4,0.5
518,9.33008e-317,9.49854e-317,0.8,-0.4,0.5
519,9.33098e-317,9.49944e-317,0.8,-0.4,0.5
520,9.33188e-317,9.50034e-317,0.8,-0.4,0.5
521,9.33279e-317,9.50124e-317,0.8,-0.4,0.5
522,9.33369e-317,9.50214e-317,0.8,-0.4,0.5
523,9.33459e-317,9.50304e-317,0.8,-0.4,0.5
524,9.44086e-317,9.50395e-317,0.8,-0.4,0.5
525,9.44176e-317,9.50485e-317,0.8,-0.4,0.5
526,9.44267e-317,9.50575e-317,0.8,-0.4,0.5
527,9.44357e-317,9.50665e-317,0.8,-0.4,0.5
528,9.44447e-317,9.50755e-317,0.8,-0.4,0.5
529,9.44537e-317,9.50845e-317,0.8,-0.4,0.5
530,9.44627e-317,9.50935e-317,0.8,-0.4,0.5
531,9.44717e-317,9.51025e-317,0.8,-0.4,0.5
532,9.44807e-317,9.51115e-317,0.8,-0.4,0.5
533,9.44897e-317,9.51206e-317,0.8,-0.4,0.5
534,9.44988e-317,9.51296e-317,0.8,-0.4,0.5
535,9.45078e-317,9.51386e-317,0.8,-0.4,0.5
536,9.45168e-317,9.51476e-317,0.8,-0.4,0.5
537,9.45258e-317,9.51566e-317,0.8,-0.4,0.5
538,9.45348e-317,9.51656e-317,0.8,-0.4,0.5
539,9.45438e-317,9.51746e-317,0.8,-0.4,0.5
540,9.45528e-317,9.51836e-317,0.8,-0.4,0.5
541,9.45618e-317,9.51927e-317,0.8,-0.4,0.5
542,9.45708e-317,9.52017e-317,0.8,-0.4,0.5
543,9.45799e-317,9.52107e-317,0.8,-0.4,0.5
544,9.45889e-317,9.52197e-317,0.8,-0.4,0.5
545,9.45979e-317,9.52287e-317,0.8,-0.4,0.5
546,9.46069e-317,9.52377e-317,0.8,-0.4,0.5
547,9.46159e-317,9.52467e-317,0.8,-0.4,0.5
548,9.46249e-317,9.52557e-317,0.8,-0.4,0.5
549,9.46339e-317,9.52647e-317,0.8,-0.4,0.5
550,9.46429e-317,9.52738e-317,0.8,-0.4,0.5
551,9.4652e-317,9.52828e-317,0.8,-0.4,0.5
552,9.4661e-317,9.52918e-317,0.8,-0.4,0.5
553,9.467e-317,9.53008e-317,0.8,-0.4,0.5
554,9.4679e-317,9.53098e-317,0.8,-0.4,0.5
555,9.4688e-317,9.53188e-317,0.8,-0.4,0.5
556,9.4697e-317,9.53278e-317,0.8,-0.4,0.5
557,9.4706e-317,9.53368e-317,0.8,-0.4,0.5
558,9.4715e-317,9.53459e-317,0.8,-0.4,0.5
559,9.4724e-317,9.53549e-317,0.8,-0.4,0.5
560,9.47331e-317,9.53639e-317,0.8,-0.4,0.5
561,9.47421e-317,9.53729e-317,0.8,-0.4,0.5
562,9.47511e-317,9.53819e-317,0.8,-0.4,0.5
563,9.47601e-317,9.53909e-317,0.8,-0.4,0.5
564,9.47691e-317,9.53999e-317,0.8,-0.4,0.5
565,9.47781e-317,9.54089e-317,0.8,-0.4,0.5
566,9.47871e-317,9.54179e-317,0.8,-0.4,0.5
567,9.47961e-317,9.5427e-317,0.8,-0.4,0.5
568,9.48052e-317,9.5436e-317,0.8,-0.4,0.5
569,9.48142e-317,9.5445e-317,0.8,-0.4,0.5
570,9.48232e-317,9.5454e-317,0.8,-0.4,0.5
571,9.48322e-317,9.5463e-317,0.8,-0.4,0.5
572,9.48412e-317,9.5472e-317,0.8,-0.4,0.5
573,9.48502e-317,9.5481e-317,0.8,-0.4,0.5
574,9.48592e-317,9.549e-317,0.8,-0.4,0.5
575,9.48682e-317,9.54991e-317,0.8,-0.4,0.5
576,9.48772e-317,9.55081e-317,0.8,-0.4,0.5
577,9.48863e-317,9.55171e-317,0.8,-0.4,0.5
578,9.48953e-317,9.55261e-317,0.8,-0.4,0.5
579,9.49043e-317,9.55351e-317,0.8,-0.4,0.5
580,9.49133e-317,9.55441e-317,0.8,-0.4,0.5
581,9.49223e-317,9.55531e-317,0.8,-0.4,0.5
582,9.49313e-317,9.77094e-317,0.8,-0.4,0.5
583,9.49403e-317,9.77184e-317,0.8,-0.4,0.5
584,9.49493e-317,9.77274e-317,0.8,-0.4,0.5
585,9.49583e-317,9.77364e-317,0.8,-0.4,0.5
586,9.49674e-317,9.77454e-317,0.8,-0.4,0.5
587,9.49764e-317,9.77544e-317,0.8,-0.4,0.5
588,9.49854e-317,9.77635e-317,0.8,-0.4,0.5
589,9.49944e-317,9.77725e-317,0.8,-0.4,0.5
590,9.50034e-317,9.77815e-317,0.8,-0.4,0.5
591,9.50124e-317,9.77905e-317,0.8,-0.4,0.5
592,9.50214e-317,9.77995e-317,0.8,-0.4,0.5
593,9.50304e-317,9.78085e-317,0.8,-0.4,0.5
594,9.50395e-317,9.78175e-317,0.8,-0.4,0.5
595,9.50485e-317,9.78265e-317,0.8,-0.4,0.5
596,9.50575e-317,9.78356e-317,0.8,-0.4,0.5
597,9.50665e-317,9.78446e-317,0.8,-0.4,0.5
598,9.50755e-317,9.78536e-317,0.8,-0.4,0.5
599,9.50845e-317,9.78626e-317,0.8,-0.4,0.5
600,9.50935e-317,9.78716e-317,0.8,-0.4,0.5
601,9.51025e-317,9.78806e-317,0.8,-0.4,0.5
602,9.51115e-317,9.78896e-317,0.8,-0.4,0.5
603,9.51206e-317,9.78986e-317,0.8,-0.4,0.5
604,9.51296e-317,9.79076e-317,0.8,-0.4,0.5
605,9.51386e-317,9.79167e-317,0.8,-0.4,0.5
606,9.51476e-317,9.79257e-317,0.8,-0.4,0.5
607,9.51566e-317,9.79347e-317,0.8,-0.4,0.5
608,9.51656e-317,9.79437e-317,0.8,-0.4,0.5
609,9.51746e-317,9.79527e-317,0.8,-0.4,0.5
610,9.51836e-317,9.79617e-317,0.8,-0.4,0.5
611,9.51927e-317,9.79707e-317,0.8,-0.4,0.5
612,9.52017e-317,9.79797e-317,0.8,-0.4,0.5
613,9.52107e-317,9.79888e-317,0.8,-0.4,0.5
614,9.52197e-317,9.79978e-317,0.8,-0.4,0.5
615,9.52287e-317,9.80068e-317,0.8,-0.4,0.5
616,9.52377e-317,9.80158e-317,0.8,-0.4,0.5
617,9.52467e-317,9.80248e-317,0.8,-0.4,0.5
618,9.52557e-317,9.80338e-317,0.8,-0.4,0.5
619,9.52647e-317,9.80428e-317,0.8,-0.4,0.5
620,9.52738e-317,9.80518e-317,0.8,-0.4,0.5
621,9.52828e-317,9.80608e-317,0.8,-0.4,0.5
622,9.52918e-317,9.80699e-317,0.8,-0.4,0.5
623,9.53008e-317,9.80789e-317,0.8,-0.4,0.5
624,9.53098e-317,9.80879e-317,0.8,-0.4,0.5
625,9.53188e-317,9.80969e-317,0.8,-0.4,0.5
626,9.53278e-317,9.81059e-317,0.8,-0.4,0.5
627,9.53368e-317,9.81149e-317,0.8,-0.4,0.5
628,9.53459e-317,9.81239e-317,0.8,-0.4,0.5
629,9.53549e-317,9.81329e-317,0.8,-0.4,0.5
630,9.53639e-317,9.8142e-317,0.8,-0.4,0.5
631,9.53729e-317,9.8151e-317,0.8,-0.4,0.5
632,9.53819e-317,9.816e-317,0.8,-0.4,0.5
633,9.53909e-317,9.8169e-317,0.8,-0.4,0.5
634,9.53999e-317,9.8178e-317,0.8,-0.4,0.5
635,9.54089e-317,9.8187e-317,0.8,-0.4,0.5
636,9.54179e-317,9.8196e-317,0.8,-0.4,0.5
637,9.5427e-317,9.8205e-317,0.8,-0.4,0.5
638,9.5436e-317,9.8214e-317,0.8,-0.4,0.5
639,9.5445e-317,9.82231e-317,0.8,-0.4,0.5
640,9.5454e-317,9.82321e-317,0.8,-0.4,0.5
641,9.5463e-317,9.82411e-317,0.8,-0.4,0.5
642,9.5472e-317,9.82501e-317,0.8,-0.4,0.5
643,9.5481e-317,9.82591e-317,0.8,-0.4,0.5
644,9.549e-317,9.82681e-317,0.8,-0.4,0.5
645,9.54991e-317,9.82771e-317,0.8,-0.4,0.5
646,9.55081e-317,9.82861e-317,0.8,-0.4,0.5
647,9.55171e-317,9.82952e-317,0.8,-0.4,0.5
648,9.55261e-317,9.83042e-317,0.8,-0.4,0.5
649,9.55351e-317,9.83132e-317,0.8,-0.4,0.5
650,9.55441e-317,9.83222e-317,0.8,-0.4,0.5
651,9.55531e-317,9.83312e-317,0.8,-0.4,0.5
652,9.77094e-317,9.83402e-317,0.8,-0.4,0.5
653,9.77184e-317,9.83492e-317,0.8,-0.4,0.5
654,9.77274e-317,9.83582e-317,0.8,-0.4,0.5
655,9.77364e-317,9.83672e-317,0.8,-0.4,0.5
656,9.77454e-317,9.83763e-317,0.8,-0.4,0.5
657,9.77544e-317,9.83853e-317,0.8,-0.4,0.5
658,9.77635e-317,9.83943e-317,0.8,-0.4,0.5
659,9.77725e-317,9.84033e-317,0.8,-0.4,0.5
660,9.77815e-317,9.84123e-317,0.8,-0.4,0.5
661,9.77905e-317,9.84213e-317,0.8,-0.4,0.5
662,9.77995e-317,9.84303e-317,0.8,-0.4,0.5
663,9.78085e-317,9.84393e-317,0.8,-0.4,0.5
664,9.78175e-317,9.84484e-317,0.8,-0.4,0.5
665,9.78265e-317,9.84574e-317,0.8,-0.4,0.5
666,9.78356e-317,9.84664e-317,0.8,-0.4,0.5
667,9.78446e-317,9.84754e-317,0.8,-0.4,0.5
668,9.78536e-317,9.84844e-317,0.8,-0.4,0.5
669,9.78626e-317,9.84934e-317,0.8,-0.4,0.5
670,9.78716e-317,9.85024e-317,0.8,-0.4,0.5
671,9.78806e-317,9.85114e-317,0.8,-0.4,0.5
672,9.78896e-317,9.85204e-317,0.8,-0.4,0.5
673,9.78986e-317,9.85295e-317,0.8,-0.4,0.5
674,9.79076e-317,9.85385e-317,0.8,-0.4,0.5
675,9.79167e-317,9.85475e-317,0.8,-0.4,0.5
676,9.79257e-317,9.85565e-317,0.8,-0.4,0.5
677,9.79347e-317,9.85655e-317,0.8,-0.4,0.5
678,9.79437e-317,9.85745e-317,0.8,-0.4,0.5
679,9.79527e-317,9.85835e-317,0.8,-0.4,0.5
680,9.79617e-317,9.85925e-317,0.8,-0.4,0.5
681,9.79707e-317,9.86016e-317,0.8,-0.4,0.5
682,9.79797e-317,9.86106e-317,0.8,-0.4,0.5
683,9.79888e-317,9.86196e-317,0.8,-0.4,0.5
684,9.79978e-317,9.86286e-317,0.8,-0.4,0.5
685,9.80068e-317,9.86376e-317,0.8,-0.4,0.5
686,9.80158e-317,9.86466e-317,0.8,-0.4,0.5
687,9.80248e-317,9.86556e-317,0.8,-0.4,0.5
688,9.80338e-317,9.86646e-317,0.8,-0.4,0.5
689,9.80428e-317,9.86736e-317,0.8,-0.4,0.5
690,9.80518e-317,9.86827e-317,0.8,-0.4,0.5
691,9.80608e-317,9.86917e-317,0.8,-0.4,0.5
692,9.80699e-317,9.87007e-317,0.8,-0.4,0.5
693,9.80789e-317,9.87097e-317,0.8,-0.4,0.5
694,9.80879e-317,9.87187e-317,0.8,-0.4,0.5
695,9.80969e-317,9.87277e-317,0.8,-0.4,0.5
696,9.81059e-317,9.87367e-317,0.8,-0.4,0.5
697,9.81149e-317,9.87457e-317,0.8,-0.4,0.5
698,9.81239e-317,9.87548e-317,0.8,-0.4,0.5
699,9.81329e-317,9.87638e-317,0.8,-0.4,0.5
700,9.8142e-317,9.87728e-317,0.8,-0.4,0.5
701,9.8151e-317,9.87818e-317,0.8,-0.4,0.5
702,9.816e-317,9.87908e-317,0.8,-0.4,0.5
703,9.8169e-317,9.87998e-317,0.8,-0.4,0.5
704,9.8178e-317,9.88088e-317,0.8,-0.4,0.5
705,9.8187e-317,9.88178e-317,0.8,-0.4,0.5
706,9.8196e-317,9.88268e-317,0.8,-0.4,0.5
707,9.8205e-317,9.88359e-317,0.8,-0.4,0.5
708,9.8214e-317,9.88449e-317,0.8,-0.4,0.5
709,9.82231e-317,9.88539e-317,0.8,-0.4,0.5
710,9.82321e-317,9.88629e-317,0.8,-0.4,0.5
711,9.82411e-317,9.88719e-317,0.8,-0.4,0.5
712,9.82501e-317,9.88809e-317,0.8,-0.4,0.5
713,9.82591e-317,9.88899e-317,0.8,-0.4,0.5
714,9.82681e-317,9.88989e-317,0.8,-0.4,0.5
715,9.82771e-317,9.8908e-317,0.8,-0.4,0.5
716,9.82861e-317,9.8917e-317,0.8,-0.4,0.5
717,9.82952e-317,9.8926e-317,0.8,-0.4,0.5
718,9.83042e-317,9.8935e-317,0.8,-0.4,0.5
719,9.83132e-317,9.8944e-317,0.8,-0.4,0.5
720,9.83222e-317,9.8953e-317,0.8,-0.4,0.5
721,9.83312e-317,9.8962e-317,0.8,-0.4,0.5
722,9.83402e-317,9.8971e-317,0.8,-0.4,0.5
723,9.83492e-317,9.898e-317,0.8,-0.4,0.5
724,9.83582e-317,9.89891e-317,0.8,-0.4,0.5
725,9.83672e-317,9.89981e-317,0.8,-0.4,0.5
726,9.83763e-317,9.90071e-317,0.8,-0.4,0.5
727,9.83853e-317,9.90161e-317,0.8,-0.4,0.5
728,9.83943e-317,9.90251e-317,0.8,-0.4,0.5
729,9.84033e-317,9.90341e-317,0.8,-0.4,0.5
730,9.84123e-317,9.90431e-317,0.8,-0.4,0.5
731,9.84213e-317,9.90521e-317,0.8,-0.4,0.5
732,9.84303e-317,9.90612e-317,0.8,-0.4,0.5
733,9.84393e-317,9.90702e-317,0.8,-0.4,0.5
734,9.84484e-317,9.90792e-317,0.8,-0.4,0.5
735,9.84574e-317,9.90882e-317,0.8,-0.4,0.5
736,9.84664e-317,9.90972e-317,0.8,-0.4,0.5
737,9.84754e-317,9.91062e-317,0.8,-0.4,0.5
738,9.84844e-317,9.91152e-317,0.8,-0.4,0.5
739,9.84934e-317,9.91242e-317,0.8,-0.4,0.5
740,9.85024e-317,9.91332e-317,0.8,-0.4,0.5
741,9.85114e-317,9.91423e-317,0.8,-0.4,0.5
742,9.85204e-317,9.91513e-317,0.8,-0.4,0.5
743,9.85295e-317,9.91603e-317,0.8,-0.4,0.5
744,9.85385e-317,9.91693e-317,0.8,-0.4,0.5
745,9.85475e-317,9.91783e-317,0.8,-0.4,0.5
746,9.85565e-317,9.91873e-317,0.8,-0.4,0.5
747,9.85655e-317,9.91963e-317,0.8,-0.4,0.5
748,9.85745e-317,9.92053e-317,0.8,-0.4,0.5
749,9.85835e-317,9.92143e-317,0.8,-0.4,0.5
750,9.85925e-317,9.92234e-317,0.8,-0.4,0.5
751,9.86016e-317,9.92324e-317,0.8,-0.4,0.5
752,9.86106e-317,9.92414e-317,0.8,-0.4,0.5
753,9.86196e-317,9.92504e-317,0.8,-0.4,0.5
754,9.86286e-317,9.92594e-317,0.8,-0.4,0.5
755,9.86376e-317,9.92684e-317,0.8,-0.4,0.5
756,9.86466e-317,9.92774e-317,0.8,-0.4,0.5
757,9.86556e-317,9.92864e-317,0.8,-0.4,0.5
758,9.86646e-317,9.92955e-317,0.8,-0.4,0.5
759,9.86736e-317,9.93045e-317,0.8,-0.4,0.5
760,9.86827e-317,9.93135e-317,0.8,-0.4,0.5
761,9.86917e-317,9.93225e-317,0.8,-0.4,0.5
762,9.87007e-317,9.93315e-317,0.8,-0.4,0.5
763,9.87097e-317,9.93405e-317,0.8,-0.4,0.5
764,9.87187e-317,9.93495e-317,0.8,-0.4,0.5
765,9.87277e-317,9.93585e-317,0.8,-0.4,0.5
766,9.87367e-317,9.93675e-317,0.8,-0.4,0.5
767,9.87457e-317,9.93766e-317,0.8,-0.4,0.5
768,9.87548e-317,9.93856e-317,0.8,-0.4,0.5
769,9.87638e-317,9.93946e-317,0.8,-0.4,0.5
770,9.87728e-317,9.94036e-317,0.8,-0.4,0.5
771,9.87818e-317,9.94126e-317,0.8,-0.4,0.5
772,9.87908e-317,9.94216e-317,0.8,-0.4,0.5
773,9.87998e-317,9.94306e-317,0.8,-0.4,0.5
774,9.88088e-317,9.94396e-317,0.8,-0.4,0.5
775,9.88178e-317,9.94487e-317,0.8,-0.4,0.5
776,9.88268e-317,9.94577e-317,0.8,-0.4,0.5
777,9.88359e-317,9.94667e-317,0.8,-0.4,0.5
778,9.88449e-317,9.94757e-317,0.8,-0.4,0.5
779,9.88539e-317,9.94847e-317,0.8,-0.4,0.5
780,9.88629e-317,9.94937e-317,0.8,-0.4,0.5
781,9.88719e-317,9.95027e-317,0.8,-0.4,0.5
782,9.88809e-317,9.95117e-317,0.8,-0.4,0.5
783,9.88899e-317,9.95207e-317,0.8,-0.4,0.5
784,9.88989e-317,9.95298e-317,0.8,-0.4,0.5
785,9.8908e-317,9.95388e-317,0.8,-0.4,0.5
786,9.8917e-317,9.95478e-317,0.8,-0.4,0.5
787,9.8926e-317,9.95568e-317,0.8,-0.4,0.5
788,9.8935e-317,9.95658e-317,0.8,-0.4,0.5
789,9.8944e-317,9.95748e-317,0.8,-0.4,0.5
790,9.8953e-317,9.95838e-317,0.8,-0.4,0.5
791,9.8962e-317,9.95928e-317,0.8,-0.4,0.5
792,9.8971e-317,9.96019e-317,0.8,-0.4,0.5
793,9.898e-317,9.96109e-317,0.8,-0.4,0.5
794,9.89891e-317,9.96199e-317,0.8,-0.4,0.5
795,9.89981e-317,9.96289e-317,0.8,-0.4,0.5
796,9.90071e-317,9.96379e-317,0.8,-0.4,0.5
797,9.90161e-317,9.96469e-317,0.8,-0.4,0.5
798,9.90251e-317,9.96559e-317,0.8,-0.4,0.5
799,9.90341e-317,9.96649e-317,0.8,-0.4,0.5
800,9.90431e-317,9.96739e-317,0.8,-0.4,0.5
801,9.90521e-317,9.9683e-317,0.8,-0.4,0.5
802,9.90612e-317,9.9692e-317,0.8,-0.4,0.5
803,9.90702e-317,9.9701e-317,0.8,-0.4,0.5
804,9.90792e-317,9.971e-317,0.8,-0.4,0.5
805,9.90882e-317,9.9719e-317,0.8,-0.4,0.5
806,9.90972e-317,9.9728e-317,0.8,-0.4,0.5
807,9.91062e-317,9.9737e-317,0.8,-0.4,0.5
808,9.91152e-317,9.9746e-317,0.8,-0.4,0.5
809,9.91242e-317,9.97551e-317,0.8,-0.4,0.5
810,9.91332e-317,9.97641e-317,0.8,-0.4,0.5
811,9.91423e-317,9.97731e-317,0.8,-0.4,0.5
812,9.91513e-317,9.97821e-317,0.8,-0.4,0.5
813,9.91603e-317,9.97911e-317,0.8,-0.4,0.5
814,9.91693e-317,9.98001e-317,0.8,-0.4,0.5
815,9.91783e-317,9.98091e-317,0.8,-0.4,0.5
816,9.91873e-317,9.98181e-317,0.8,-0.4,0.5
817,9.91963e-317,9.98271e-317,0.8,-0.4,0.5
818,9.92053e-317,9.98362e-317,0.8,-0.4,0.5
819,9.92143e-317,9.98452e-317,0.8,-0.4,0.5
820,9.92234e-317,9.98542e-317,0.8,-0.4,0.5
821,9.92324e-317,9.98632e-317,0.8,-0.4,0.5
822,9.92414e-317,9.98722e-317,0.8,-0.4,0.5
823,9.92504e-317,9.98812e-317,0.8,-0.4,0.5
824,9.92594e-317,9.98902e-317,0.8,-0.4,0.5
825,9.92684e-317,9.98992e-317,0.8,-0.4,0.5
826,9.92774e-317,9.99083e-317,0.8,-0.4,0.5
827,9.92864e-317,9.99173e-317,0.8,-0.4,0.5
828,9.92955e-317,9.99263e-317,0.8,-0.4,0.5
829,9.93045e-317,9.99353e-317,0.8,-0.4,0.5
830,9.93135e-317,9.99443e-317,0.8,-0.4,0.5
831,9.93225e-317,9.99533e-317,0.8,-0.4,0.5
832,9.93315e-317,9.99623e-317,0.8,-0.4,0.5
833,9.93405e-317,9.99713e-317,0.8,-0.4,0.5
834,9.93495e-317,9.99803e-317,0.8,-0.4,0.5
835,9.93585e-317,9.99894e-317,0.8,-0.4,0.5
836,9.93675e-317,9.99984e-317,0.8,-0.4,0.5
837,9.93766e-317,1.00007e-316,0.8,-0.4,0.5
838,9.93856e-317,1.06533e-316,0.8,-0.4,0.5
839,9.93946e-317,1.06542e-316,0.8,-0.4,0.5
840,9.94036e-317,1.06552e-316,0.8,-0.4,0.5
841,9.94126e-317,1.06561e-316,0.8,-0.4,0.5
842,9.94216e-317,1.0657e-316,0.8,-0.4,0.5
843,9.94306e-317,1.06579e-316,0.8,-0.4,0.5
844,9.94396e-317,1.06588e-316,0.8,-0.4,0.5
845,9.94487e-317,1.06597e-316,0.8,-0.4,0.5
846,9.94577e-317,1.06606e-316,0.8,-0.4,0.5
847,9.94667e-317,1.06615e-316,0.8,-0.4,0.5
848,9.94757e-317,1.06624e-316,0.8,-0.4,0.5
849,9.94847e-317,1.06633e-316,0.8,-0.4,0.5
850,9.94937e-317,1.06642e-316,0.8,-0.4,0.5
851,9.95027e-317,1.06651e-316,0.8,-0.4,0.5
852,9.95117e-317,1.0666e-316,0.8,-0.4,0.5
853,9.95207e-317,1.06669e-316,0.8,-0.4,0.5
854,9.95298e-317,1.06678e-316,0.8,-0.4,0.5
855,9.95388e-317,1.06687e-316,0.8,-0.4,0.5
856,9.95478e-317,1.06696e-316,0.8,-0.4,0.5
857,9.95568e-317,1.06705e-316,0.8,-0.4,0.5
858,9.95658e-317,1.06714e-316,0.8,-0.4,0.5
859,9.95748e-317,1.06723e-316,0.8,-0.4,0.5
860,9.95838e-317,1.06732e-316,0.8,-0.4,0.5
861,9.95928e-317,1.06741e-316,0.8,-0.4,0.5
862,9.96019e-317,1.0675e-316,0.8,-0.4,0.5
863,9.96109e-317,1.06759e-316,0.8,-0.4,0.5
864,9.96199e-317,1.06768e-316,0.8,-0.4,0.5
865,9.96289e-317,1.06777e-316,0.8,-0.4,0.5
866,9.96379e-317,1.06786e-316,0.8,-0.4,0.5
867,9.96469e-317,1.06795e-316,0.8,-0.4,0.5
868,9.96559e-317,1.06804e-316,0.8,-0.4,0.5
869,9.96649e-317,1.06813e-316,0.8,-0.4,0.5
870,9.96739e-317,1.06822e-316,0.8,-0.4,0.5
871,9.9683e-317,1.06831e-316,0.8,-0.4,0.5
872,9.9692e-317,1.0684e-316,0.8,-0.4,0.5
873,9.9701e-317,1.06849e-316,0.8,-0.4,0.5
874,9.971e-317,1.06858e-316,0.8,-0.4,0.5
875,9.9719e-317,1.06867e-316,0.8,-0.4,0.5
876,9.9728e-317,1.06876e-316,0.8,-0.4,0.5
877,9.9737e-317,1.06885e-316,0.8,-0.4,0.5
878,9.9746e-317,1.06894e-316,0.8,-0.4,0.5
879,9.97551e-317,1.06903e-316,0.8,-0.4,0.5
880,9.97641e-317,1.06912e-316,0.8,-0.4,0.5
881,9.97731e-317,1.06921e-316,0.8,-0.4,0.5
882,9.97821e-317,1.0693e-316,0.8,-0.4,0.5
883,9.97911e-317,1.06939e-316,0.8,-0.4,0.5
884,9.98001e-317,1.06948e-316,0.8,-0.4,0.5
885,9.98091e-317,1.06957e-316,0.8,-0.4,0.5
886,9.98181e-317,1.06966e-316,0.8,-0.4,0.5
887,9.98271e-317,1.06975e-316,0.8,-0.4,0.5
888,9.98362e-317,1.06984e-316,0.8,-0.4,0.5
889,9.98452e-317,1.06993e-316,0.8,-0.4,0.5
890,9.98542e-317,1.07002e-316,0.8,-0.4,0.5
891,9.98632e-317,1.07011e-316,0.8,-0.4,0.5
892,9.98722e-317,1.0702e-316,0.8,-0.4,0.5
893,9.98812e-317,1.07029e-316,0.8,-0.4,0.5
894,9.98902e-317,1.07038e-316,0.8,-0.4,0.5
895,9.98992e-317,1.07047e-316,0.8,-0.4,0.5
896,9.99083e-317,1.07056e-316,0.8,-0.4,0.5
897,9.99173e-317,1.07065e-316,0.8,-0.4,0.5
898,9.99263e-317,1.07074e-316,0.8,-0.4,0.5
899,9.99353e-317,1.07083e-316,0.8,-0.4,0.5
900,9.99443e-317,1.07092e-316,0.8,-0.4,0.5
901,9.99533e-317,1.07101e-316,0.8,-0.4,0.5
902,9.99623e-317,1.0711e-316,0.8,-0.4,0.5
903,9.99713e-317,1.07119e-316,0.8,-0.4,0.5
904,9.99803e-317,1.07128e-316,0.8,-0.4,0.5
905,9.99894e-317,1.07137e-316,0.8,-0.4,0.5
906,9.99984e-317,1.07146e-316,0.8,-0.4,0.5
907,1.00007e-316,1.07155e-316,0.8,-0.4,0.5
908,1.06533e-316,1.07164e-316,0.8,-0.4,0.5
909,1.06542e-316,1.07173e-316,0.8,-0.4,0.5
910,1.06552e-316,1.07182e-316,0.8,-0.4,0.5
911,1.06561e-316,1.07191e-316,0.8,-0.4,0.5
912,1.0657e-316,1.072e-316,0.8,-0.4,0.5
913,1.06579e-316,1.07209e-316,0.8,-0.4,0.5
914,1.06588e-316,1.07218e-316,0.8,-0.4,0.5
915,1.06597e-316,1.07227e-316,0.8,-0.4,0.5
916,1.06606e-316,1.07236e-316,0.8,-0.4,0.5
917,1.06615e-316,1.07245e-316,0.8,-0.4,0.5
918,1.06624e-316,1.07254e-316,0.8,-0.4,0.5
919,1.06633e-316,1.07263e-316,0.8,-0.4,0.5
920,1.06642e-316,1.07272e-316,0.8,-0.4,0.5
921,1.06651e-316,1.07281e-316,0.8,-0.4,0.5
922,1.0666e-316,1.0729e-316,0.8,-0.4,0.5
923,1.06669e-316,1.07299e-316,0.8,-0.4,0.5
924,1.06678e-316,1.07308e-316,0.8,-0.4,0.5
925,1.06687e-316,1.07318e-316,0.8,-0.4,0.5
926,1.06696e-316,1.07327e-316,0.8,-0.4,0.5
927,1.06705e-316,1.07336e-316,0.8,-0.4,0.5
928,1.06714e-316,1.07345e-316,0.8,-0.4,0.5
929,1.06723e-316,1.07354e-316,0.8,-0.4,0.5
930,1.06732e-316,1.07363e-316,0.8,-0.4,0.5
931,1.06741e-316,1.07372e-316,0.8,-0.4,0.5
932,1.0675e-316,1.07381e-316,0.8,-0.4,0.5
933,1.06759e-316,1.0739e-316,0.8,-0.4,0.5
934,1.06768e-316,1.07399e-316,0.8,-0.4,0.5
935,1.06777e-316,1.07408e-316,0.8,-0.4,0.5
936,1.06786e-316,1.07417e-316,0.8,-0.4,0.5
937,1.06795e-316,1.07426e-316,0.8,-0.4,0.5
938,1.06804e-316,1.07435e-316,0.8,-0.4,0.5
939,1.06813e-316,1.07444e-316,0.8,-0.4,0.5
940,1.06822e-316,1.07453e-316,0.8,-0.4,0.5
941,1.06831e-316,1.07462e-316,0.8,-0.4,0.5
942,1.0684e-316,1.07471e-316,0.8,-0.4,0.5
943,1.06849e-316,1.0748e-316,0.8,-0.4,0.5
944,1.06858e-316,1.07489e-316,0.8,-0.4,0.5
945,1.06867e-316,1.07498e-316,0.8,-0.4,0.5
946,1.06876e-316,1.07507e-316,0.8,-0.4,0.5
947,1.06885e-316,1.07516e-316,0.8,-0.4,0.5
948,1.06894e-316,1.07525e-316,0.8,-0.4,0.5
949,1.06903e-316,1.07534e-316,0.8,-0.4,0.5
950,1.06912e-316,1.07543e-316,0.8,-0.4,0.5
951,1.06921e-316,1.07552e-316,0.8,-0.4,0.5
952,1.0693e-316,1.07561e-316,0.8,-0.4,0.5
953,1.06939e-316,1.0757e-316,0.8,-0.4,0.5
954,1.06948e-316,1.07579e-316,0.8,-0.4,0.5
955,1.06957e-316,1.07588e-316,0.8,-0.4,0.5
956,1.06966e-316,1.07597e-316,0.8,-0.4,0.5
957,1.06975e-316,1.07606e-316,0.8,-0.4,0.5
958,1.06984e-316,1.07615e-316,0.8,-0.4,0.5
959,1.06993e-316,1.07624e-316,0.8,-0.4,0.5
960,1.07002e-316,1.07633e-316,0.8,-0.4,0.5
961,1.07011e-316,1.07642e-316,0.8,-0.4,0.5
962,1.0702e-316,1.07651e-316,0.8,-0.4,0.5
963,1.07029e-316,1.0766e-316,0.8,-0.4,0.5
964,1.07038e-316,1.07669e-316,0.8,-0.4,0.5
965,1.07047e-316,1.07678e-316,0.8,-0.4,0.5
966,1.07056e-316,1.07687e-316,0.8,-0.4,0.5
967,1.07065e-316,1.07696e-316,0.8,-0.4,0.5
968,1.07074e-316,1.07705e-316,0.8,-0.4,0.5
969,1.07083e-316,1.07714e-316,0.8,-0.4,0.5
970,1.07092e-316,1.07723e-316,0.8,-0.4,0.5
971,1.07101e-316,1.07732e-316,0.8,-0.4,0.5
972,1.0711e-316,1.07741e-316,0.8,-0.4,0.5
973,1.07119e-316,1.0775e-316,0.8,-0.4,0.5
974,1.07128e-316,1.07759e-316,0.8,-0.4,0.5
975,1.07137e-316,1.07768e-316,0.8,-0.4,0.5
976,1.07146e-316,1.07777e-316,0.8,-0.4,0.5
977,1.07155e-316,1.07786e-316,0.8,-0.4,0.5
978,1.07164e-316,1.07795e-316,0.8,-0.4,0.5
979,1.07173e-316,1.07804e-316,0.8,-0.4,0.5
980,1.07182e-316,1.07813e-316,0.8,-0.4,0.5
981,1.07191e-316,1.07822e-316,0.8,-0.4,0.5
982,1.072e-316,1.07831e-316,0.8,-0.4,0.5
983,1.07209e-316,1.0784e-316,0.8,-0.4,0.5
984,1.07218e-316,1.07849e-316,0.8,-0.4,0.5
985,1.07227e-316,1.07858e-316,0.8,-0.4,0.5
986,1.07236e-316,1.07867e-316,0.8,-0.4,0.5
987,1.07245e-316,1.07876e-316,0.8,-0.4,0.5
988,1.07254e-316,1.07885e-316,0.8,-0.4,0.5
989,1.07263e-316,1.07894e-316,0.8,-0.4,0.5
990,1.07272e-316,1.07903e-316,0.8,-0.4,0.5
991,1.07281e-316,1.07912e-316,0.8,-0.4,0.5
992,1.0729e-316,1.07921e-316,0.8,-0.4,0.5
993,1.07299e-316,1.0793e-316,0.8,-0.4,0.5
994,1.07308e-316,1.07939e-316,0.8,-0.4,0.5
995,1.07318e-316,1.07948e-316,0.8,-0.4,0.5
996,1.07327e-316,1.07957e-316,0.8,-0.4,0.5
997,1.07336e-316,1.07966e-316,0.8,-0.4,0.5
998,1.07345e-316,1.07975e-316,0.8,-0.4,0.5
999,1.07354e-316,1.07984e-316,0.8,-0.4,0.5
1000,1.07363e-316,1.07993e-316,0.8,-0.4,0.5
1001,1.07372e-316,1.08002e-316,0.8,-0.4,0.5
1002,1.07381e-316,1.08011e-316,0.8,-0.4,0.5
1003,1.0739e-316,1.0802e-316,0.8,-0.4,0.5
1004,1.07399e-316,1.08029e-316,0.8,-0.4,0.5
1005,1.07408e-316,1.08038e-316,0.8,-0.4,0.5
1006,1.07417e-316,1.08047e-316,0.8,-0.4,0.5
1007,1.07426e-316,1.08056e-316,0.8,-0.4,0.5
1008,1.07435e-316,1.08065e-316,0.8,-0.4,0.5
1009,1.07444e-316,1.08074e-316,0.8,-0.4,0.5
1010,1.07453e-316,1.08084e-316,0.8,-0.4,0.5
1011,1.07462e-316,1.08093e-316,0.8,-0.4,0.5
1012,1.07471e-316,1.08102e-316,0.8,-0.4,0.5
1013,1.0748e-316,1.08111e-316,0.8,-0.4,0.5
1014,1.07489e-316,1.0812e-316,0.8,-0.4,0.5
1015,1.07498e-316,1.08129e-316,0.8,-0.4,0.5
1016,1.07507e-316,1.08138e-316,0.8,-0.4,0.5
1017,1.07516e-316,1.08147e-316,0.8,-0.4,0.5
1018,1.07525e-316,1.08156e-316,0.8,-0.4,0.5
1019,1.07534e-316,1.08165e-316,0.8,-0.4,0.5
1020,1.07543e-316,1.08174e-316,0.8,-0.4,0.5
1021,1.07552e-316,1.08183e-316,0.8,-0.4,0.5
1022,1.07561e-316,1.08192e-316,0.8,-0.4,0.5
1023,1.0757e-316,1.08201e-316,0.8,-0.4,0.5
1024,1.07579e-316,1.0821e-316,0.8,-0.4,0.5
1025,1.07588e-316,1.08219e-316,0.8,-0.4,0.5
1026,1.07597e-316,1.08228e-316,0.8,-0.4,0.5
1027,1.07606e-316,1.08237e-316,0.8,-0.4,0.5
1028,1.07615e-316,1.08246e-316,0.8,-0.4,0.5
1029,1.07624e-316,1.08255e-316,0.8,-0.4,0.5
1030,1.07633e-316,1.08264e-316,0.8,-0.4,0.5
1031,1.07642e-316,1.08273e-316,0.8,-0.4,0.5
1032,1.07651e-316,1.08282e-316,0.8,-0.4,0.5
1033,1.0766e-316,1.08291e-316,0.8,-0.4,0.5
1034,1.07669e-316,1.083e-316,0.8,-0.4,0.5
1035,1.07678e-316,1.08309e-316,0.8,-0.4,0.5
1036,1.07687e-316,1.08318e-316,0.8,-0.4,0.5
1037,1.07696e-316,1.08327e-316,0.8,-0.4,0.5
1038,1.07705e-316,1.08336e-316,0.8,-0.4,0.5
1039,1.07714e-316,1.08345e-316,0.8,-0.4,0.5
1040,1.07723e-316,1.08354e-316,0.8,-0.4,0.5
1041,1.07732e-316,1.08363e-316,0.8,-0.4,0.5
1042,1.07741e-316,1.08372e-316,0.8,-0.4,0.5
1043,1.0775e-316,1.08381e-316,0.8,-0.4,0.5
1044,1.07759e-316,1.0839e-316,0.8,-0.4,0.5
1045,1.07768e-316,1.08399e-316,0.8,-0.4,0.5
1046,1.07777e-316,1.08408e-316,0.8,-0.4,0.5
1047,1.07786e-316,1.08417e-316,0.8,-0.4,0.5
1048,1.07795e-316,1.08426e-316,0.8,-0.4,0.5
1049,1.07804e-316,1.08435e-316,0.8,-0.4,0.5
1050,1.07813e-316,1.08444e-316,0.8,-0.4,0.5
1051,1.07822e-316,1.08453e-316,0.8,-0.4,0.5
1052,1.07831e-316,1.08462e-316,0.8,-0.4,0.5
1053,1.0784e-316,1.08471e-316,0.8,-0.4,0.5
1054,1.07849e-316,1.0848e-316,0.8,-0.4,0.5
1055,1.07858e-316,1.08489e-316,0.8,-0.4,0.5
1056,1.07867e-316,1.08498e-316,0.8,-0.4,0.5
1057,1.07876e-316,1.08507e-316,0.8,-0.4,0.5
1058,1.07885e-316,1.08516e-316,0.8,-0.4,0.5
1059,1.07894e-316,1.08525e-316,0.8,-0.4,0.5
1060,1.07903e-316,1.08534e-316,0.8,-0.4,0.5
1061,1.07912e-316,1.08543e-316,0.8,-0.4,0.5
1062,1.07921e-316,1.08552e-316,0.8,-0.4,0.5
1063,1.0793e-316,1.08561e-316,0.8,-0.4,0.5
1064,1.07939e-316,1.0857e-316,0.8,-0.4,0.5
1065,1.07948e-316,1.08579e-316,0.8,-0.4,0.5
1066,1.07957e-316,1.08588e-316,0.8,-0.4,0.5
1067,1.07966e-316,1.08597e-316,0.8,-0.4,0.5
1068,1.07975e-316,1.08606e-316,0.8,-0.4,0.5
1069,1.07984e-316,1.08615e-316,0.8,-0.4,0.5
1070,1.07993e-316,1.08624e-316,0.8,-0.4,0.5
1071,1.08002e-316,1.08633e-316,0.8,-0.4,0.5
1072,1.08011e-316,1.08642e-316,0.8,-0.4,0.5
1073,1.0802e-316,1.08651e-316,0.8,-0.4,0.5
1074,1.08029e-316,1.0866e-316,0.8,-0.4,0.5
1075,1.08038e-316,1.08669e-316,0.8,-0.4,0.5
1076,1.08047e-316,1.08678e-316,0.8,-0.4,0.5
1077,1.08056e-316,1.08687e-316,0.8,-0.4,0.5
1078,1.08065e-316,1.08696e-316,0.8,-0.4,0.5
1079,1.08074e-316,1.08705e-316,0.8,-0.4,0.5
1080,1.08084e-316,1.08714e-316,0.8,-0.4,0.5
1081,1.08093e-316,1.08723e-316,0.8,-0.4,0.5
1082,1.08102e-316,1.08732e-316,0.8,-0.4,0.5
1083,1.08111e-316,1.08741e-316,0.8,-0.4,0.5
1084,1.0812e-316,1.0875e-316,0.8,-0.4,0.5
1085,1.08129e-316,1.08759e-316,0.8,-0.4,0.5
1086,1.08138e-316,1.08768e-316,0.8,-0.4,0.5
1087,1.08147e-316,1.08777e-316,0.8,-0.4,0.5
1088,1.08156e-316,1.08786e-316,0.8,-0.4,0.5
1089,1.08165e-316,1.08795e-316,0.8,-0.4,0.5
1090,1.08174e-316,1.08804e-316,0.8,-0.4,0.5
1091,1.08183e-316,1.08813e-316,0.8,-0.4,0.5
1092,1.08192e-316,1.08822e-316,0.8,-0.4,0.5
1093,1.08201e-316,1.08831e-316,0.8,-0.4,0.5
1094,1.0821e-316,1.0884e-316,0.8,-0.4,0.5
1095,1.08219e-316,1.08849e-316,0.8,-0.4,0.5
1096,1.08228e-316,1.08859e-316,0.8,-0.4,0.5
1097,1.08237e-316,1.08868e-316,0.8,-0.4,0.5
1098,1.08246e-316,1.08877e-316,0.8,-0.4,0.5
1099,1.08255e-316,1.08886e-316,0.8,-0.4,0.5
1100,1.08264e-316,1.08895e-316,0.8,-0.4,0.5
1101,1.08273e-316,1.08904e-316,0.8,-0.4,0.5
1102,1.08282e-316,1.08913e-316,0.8,-0.4,0.5
1103,1.08291e-316,1.08922e-316,0.8,-0.4,0.5
1104,1.083e-316,1.08931e-316,0.8,-0.4,0.5
1105,1.08309e-316,1.0894e-316,0.8,-0.4,0.5
1106,1.08318e-316,1.08949e-316,0.8,-0.4,0.5
1107,1.08327e-316,1.08958e-316,0.8,-0.4,0.5
1108,1.08336e-316,1.08967e-316,0.8,-0.4,0.5
1109,1.08345e-316,1.08976e-316,0.8,-0.4,0.5
1110,1.08354e-316,1.08985e-316,0.8,-0.4,0.5
1111,1.08363e-316,1.08994e-316,0.8,-0.4,0.5
1112,1.08372e-316,1.09003e-316,0.8,-0.4,0.5
1113,1.08381e-316,1.09012e-316,0.8,-0.4,0.5
1114,1.0839e-316,1.09021e-316,0.8,-0.4,0.5
1115,1.08399e-316,1.0903e-316,0.8,-0.4,0.5
1116,1.08408e-316,1.09039e-316,0.8,-0.4,0.5
1117,1.08417e-316,1.09048e-316,0.8,-0.4,0.5
1118,1.08426e-316,1.09057e-316,0.8,-0.4,0.5
1119,1.08435e-316,1.09066e-316,0.8,-0.4,0.5
1120,1.08444e-316,1.09075e-316,0.8,-0.4,0.5
1121,1.08453e-316,1.09084e-316,0.8,-0.4,0.5
1122,1.08462e-316,1.09093e-316,0.8,-0.4,0.5
1123,1.08471e-316,1.09102e-316,0.8,-0.4,0.5
1124,1.0848e-316,1.09111e-316,0.8,-0.4,0.5
1125,1.08489e-316,1.0912e-316,0.8,-0.4,0.5
1126,1.08498e-316,1.09129e-316,0.8,-0.4,0.5
1127,1.08507e-316,1.09138e-316,0.8,-0.4,0.5
1128,1.08516e-316,1.09147e-316,0.8,-0.4,0.5
1129,1.08525e-316,1.09156e-316,0.8,-0.4,0.5
1130,1.08534e-316,1.09165e-316,0.8,-0.4,0.5
1131,1.08543e-316,1.09174e-316,0.8,-0.4,0.5
1132,1.08552e-316,1.09183e-316,0.8,-0.4,0.5
1133,1.08561e-316,1.09192e-316,0.8,-0.4,0.5
1134,1.0857e-316,1.09201e-316,0.8,-0.4,0.5
1135,1.08579e-316,1.0921e-316,0.8,-0.4,0.5
1136,1.08588e-316,1.09219e-316,0.8,-0.4,0.5
1137,1.08597e-316,1.09228e-316,0.8,-0.4,0.5
1138,1.08606e-316,1.09237e-316,0.8,-0.4,0.5
1139,1.08615e-316,1.09246e-316,0.8,-0.4,0.5
1140,1.08624e-316,1.09255e-316,0.8,-0.4,0.5
1141,1.08633e-316,1.09264e-316,0.8,-0.4,0.5
1142,1.08642e-316,1.09273e-316,0.8,-0.4,0.5
1143,1.08651e-316,1.09282e-316,0.8,-0.4,0.5
1144,1.0866e-316,1.09291e-316,0.8,-0.4,0.5
1145,1.08669e-316,1.093e-316,0.8,-0.4,0.5
1146,1.08678e-316,1.09309e-316,0.8,-0.4,0.5
1147,1.08687e-316,1.09318e-316,0.8,-0.4,0.5
1148,1.08696e-316,1.09327e-316,0.8,-0.4,0.5
1149,1.08705e-316,1.09336e-316,0.8,-0.4,0.5
1150,1.08714e-316,1.09345e-316,0.8,-0.4,0.5
1151,1.08723e-316,1.09354e-316,0.8,-0.4,0.5
1152,1.08732e-316,1.09363e-316,0.8,-0.4,0.5
1153,1.08741e-316,1.09372e-316,0.8,-0.4,0.5
1154,1.0875e-316,1.09381e-316,0.8,-0.4,0.5
1155,1.08759e-316,1.0939e-316,0.8,-0.4,0.5
1156,1.08768e-316,1.09399e-316,0.8,-0.4,0.5
1157,1.08777e-316,1.09408e-316,0.8,-0.4,0.5
1158,1.08786e-316,1.09417e-316,0.8,-0.4,0.5
1159,1.08795e-316,1.09426e-316,0.8,-0.4,0.5
1160,1.08804e-316,1.09435e-316,0.8,-0.4,0.5
1161,1.08813e-316,1.09444e-316,0.8,-0.4,0.5
1162,1.08822e-316,1.09453e-316,0.8,-0.4,0.5
1163,1.08831e-316,1.09462e-316,0.8,-0.4,0.5
1164,1.0884e-316,1.09471e-316,0.8,-0.4,0.5
1165,1.08849e-316,1.0948e-316,0.8,-0.4,0.5
1166,1.08859e-316,1.09489e-316,0.8,-0.4,0.5
1167,1.08868e-316,1.09498e-316,0.8,-0.4,0.5
1168,1.08877e-316,1.09507e-316,0.8,-0.4,0.5
1169,1.08886e-316,1.09516e-316,0.8,-0.4,0.5
1170,1.08895e-316,1.09525e-316,0.8,-0.4,0.5
1171,1.08904e-316,1.09534e-316,0.8,-0.4,0.5
1172,1.08913e-316,1.09543e-316,0.8,-0.4,0.5
1173,1.08922e-316,1.09552e-316,0.8,-0.4,0.5
1174,1.08931e-316,1.09561e-316,0.8,-0.4,0.5
1175,1.0894e-316,1.0957e-316,0.8,-0.4,0.5
1176,1.08949e-316,1.09579e-316,0.8,-0.4,0.5
1177,1.08958e-316,1.09588e-316,0.8,-0.4,0.5
1178,1.08967e-316,1.09597e-316,0.8,-0.4,0.5
1179,1.08976e-316,1.09606e-316,0.8,-0.4,0.5
1180,1.08985e-316,1.09615e-316,0.8,-0.4,0.5
1181,1.08994e-316,1.09625e-316,0.8,-0.4,0.5
1182,1.09003e-316,1.09634e-316,0.8,-0.4,0.5
1183,1.09012e-316,1.09643e-316,0.8,-0.4,0.5
1184,1.09021e-316,1.09652e-316,0.8,-0.4,0.5
1185,1.0903e-316,1.09661e-316,0.8,-0.4,0.5
1186,1.09039e-316,1.0967e-316,0.8,-0.4,0.5
1187,1.09048e-316,1.09679e-316,0.8,-0.4,0.5
1188,1.09057e-316,1.09688e-316,0.8,-0.4,0.5
1189,1.09066e-316,1.09697e-316,0.8,-0.4,0.5
1190,1.09075e-316,1.09706e-316,0.8,-0.4,0.5
1191,1.09084e-316,1.09715e-316,0.8,-0.4,0.5
1192,1.09093e-316,1.09724e-316,0.8,-0.4,0.5
1193,1.09102e-316,1.09733e-316,0.8,-0.4,0.5
1194,1.09111e-316,1.09742e-316,0.8,-0.4,0.5
1195,1.0912e-316,1.09751e-316,0.8,-0.4,0.5
1196,1.09129e-316,1.0976e-316,0.8,-0.4,0.5
1197,1.09138e-316,1.09769e-316,0.8,-0.4,0.5
1198,1.09147e-316,1.09778e-316,0.8,-0.4,0.5
1199,1.09156e-316,1.09787e-316,0.8,-0.4,0.5
1200,1.09165e-316,1.09796e-316,0.8,-0.4,0.5
1201,1.09174e-316,1.09805e-316,0.8,-0.4,0.5
1202,1.09183e-316,1.09814e-316,0.8,-0.4,0.5
1203,1.09192e-316,1.09823e-316,0.8,-0.4,0.5
1204,1.09201e-316,1.09832e-316,0.8,-0.4,0.5
1205,1.0921e-316,1.09841e-316,0.8,-0.4,0.5
1206,1.09219e-316,1.0985e-316,0.8,-0.4,0.5
1207,1.09228e-316,1.09859e-316,0.8,-0.4,0.5
1208,1.09237e-316,1.09868e-316,0.8,-0.4,0.5
1209,1.09246e-316,1.09877e-316,0.8,-0.4,0.5
1210,1.09255e-316,1.09886e-316,0.8,-0.4,0.5
1211,1.09264e-316,1.09895e-316,0.8,-0.4,0.5
1212,1.09273e-316,1.09904e-316,0.8,-0.4,0.5
1213,1.09282e-316,1.09913e-316,0.8,-0.4,0.5
1214,1.09291e-316,1.09922e-316,0.8,-0.4,0.5
1215,1.093e-316,1.09931e-316,0.8,-0.4,0.5
1216,1.09309e-316,1.0994e-316,0.8,-0.4,0.5
1217,1.09318e-316,1.09949e-316,0.8,-0.4,0.5
1218,1.09327e-316,1.09958e-316,0.8,-0.4,0.5
1219,1.09336e-316,1.09967e-316,0.8,-0.4,0.5
1220,1.09345e-316,1.09976e-316,0.8,-0.4,0.5
1221,1.09354e-316,1.09985e-316,0.8,-0.4,0.5
1222,1.09363e-316,1.09994e-316,0.8,-0.4,0.5
1223,1.09372e-316,1.10003e-316,0.8,-0.4,0.5
1224,1.09381e-316,1.10012e-316,0.8,-0.4,0.5
1225,1.0939e-316,1.10021e-316,0.8,-0.4,0.5
1226,1.09399e-316,1.1003e-316,0.8,-0.4,0.5
1227,1.09408e-316,1.10039e-316,0.8,-0.4,0.5
1228,1.09417e-316,1.10048e-316,0.8,-0.4,0.5
1229,1.09426e-316,1.10057e-316,0.8,-0.4,0.5
1230,1.09435e-316,1.10066e-316,0.8,-0.4,0.5
1231,1.09444e-316,1.10075e-316,0.8,-0.4,0.5
1232,1.09453e-316,1.10084e-316,0.8,-0.4,0.5
1233,1.09462e-316,1.10093e-316,0.8,-0.4,0.5
1234,1.09471e-316,1.10102e-316,0.8,-0.4,0.5
1235,1.0948e-316,1.10111e-316,0.8,-0.4,0.5
1236,1.09489e-316,1.1012e-316,0.8,-0.4,0.5
1237,1.09498e-316,1.10129e-316,0.8,-0.4,0.5
1238,1.09507e-316,1.10138e-316,0.8,-0.4,0.5
1239,1.09516e-316,1.10147e-316,0.8,-0.4,0.5
1240,1.09525e-316,1.10156e-316,0.8,-0.4,0.5
1241,1.09534e-316,1.10165e-316,0.8,-0.4,0.5
1242,1.09543e-316,1.10174e-316,0.8,-0.4,0.5
1243,1.09552e-316,1.10183e-316,0.8,-0.4,0.5
1244,1.09561e-316,1.10192e-316,0.8,-0.4,0.5
1245,1.0957e-316,1.10201e-316,0.8,-0.4,0.5
1246,1.09579e-316,1.1021e-316,0.8,-0.4,0.5
1247,1.09588e-316,1.10219e-316,0.8,-0.4,0.5
1248,1.09597e-316,1.10228e-316,0.8,-0.4,0.5
1249,1.09606e-316,1.10237e-316,0.8,-0.4,0.5
1250,1.09615e-316,1.10246e-316,0.8,-0.4,0.5
1251,1.09625e-316,1.10255e-316,0.8,-0.4,0.5
1252,1.09634e-316,1.10264e-316,0.8,-0.4,0.5
1253,1.09643e-316,1.10273e-316,0.8,-0.4,0.5
1254,1.09652e-316,1.10282e-316,0.8,-0.4,0.5
1255,1.09661e-316,1.10291e-316,0.8,-0.4,0.5
1256,1.0967e-316,1.103e-316,0.8,-0.4,0.5
1257,1.09679e-316,1.10309e-316,0.8,-0.4,0.5
1258,1.09688e-316,1.10318e-316,0.8,-0.4,0.5
1259,1.09697e-316,1.10327e-316,0.8,-0.4,0.5
1260,1.09706e-316,1.10336e-316,0.8,-0.4,0.5
1261,1.09715e-316,1.10345e-316,0.8,-0.4,0.5
1262,1.09724e-316,1.10354e-316,0.8,-0.4,0.5
1263,1.09733e-316,1.10363e-316,0.8,-0.4,0.5
1264,1.09742e-316,1.10372e-316,0.8,-0.4,0.5
1265,1.09751e-316,1.10381e-316,0.8,-0.4,0.5
1266,1.0976e-316,1.10391e-316,0.8,-0.4,0.5
1267,1.09769e-316,1.104e-316,0.8,-0.4,0.5
1268,1.09778e-316,1.10409e-316,0.8,-0.4,0.5
1269,1.09787e-316,1.10418e-316,0.8,-0.4,0.5
1270,1.09796e-316,1.10427e-316,0.8,-0.4,0.5
1271,1.09805e-316,1.10436e-316,0.8,-0.4,0.5
1272,1.09814e-316,1.10445e-316,0.8,-0.4,0.5
1273,1.09823e-316,1.10454e-316,0.8,-0.4,0.5
1274,1.09832e-316,1.10463e-316,0.8,-0.4,0.5
1275,1.09841e-316,1.10472e-316,0.8,-0.4,0.5
1276,1.0985e-316,1.10481e-316,0.8,-0.4,0.5
1277,1.09859e-316,1.1049e-316,0.8,-0.4,0.5
1278,1.09868e-316,1.10499e-316,0.8,-0.4,0.5
1279,1.09877e-316,1.10508e-316,0.8,-0.4,0.5
1280,1.09886e-316,1.10517e-316,0.8,-0.4,0.5
1281,1.09895e-316,1.10526e-316,0.8,-0.4,0.5
1282,1.09904e-316,1.10535e-316,0.8,-0.4,0.5
1283,1.09913e-316,1.10544e-316,0.8,-0.4,0.5
1284,1.09922e-316,1.10553e-316,0.8,-0.4,0.5
1285,1.09931e-316,1.10562e-316,0.8,-0.4,0.5
1286,1.0994e-316,1.10571e-316,0.8,-0.4,0.5
1287,1.09949e-316,1.1058e-316,0.8,-0.4,0.5
1288,1.09958e-316,1.10589e-316,0.8,-0.4,0.5
1289,1.09967e-316,1.10598e-316,0.8,-0.4,0.5
1290,1.09976e-316,1.10607e-316,0.8,-0.4,0.5
1291,1.09985e-316,1.10616e-316,0.8,-0.4,0.5
1292,1.09994e-316,1.10625e-316,0.8,-0.4,0.5
1293,1.10003e-316,1.10634e-316,0.8,-0.4,0.5
1294,1.10012e-316,1.10643e-316,0.8,-0.4,0.5
1295,1.10021e-316,1.10652e-316,0.8,-0.4,0.5
1296,1.1003e-316,1.10661e-316,0.8,-0.4,0.5
1297,1.10039e-316,1.1067e-316,0.8,-0.4,0.5
1298,1.10048e-316,1.10679e-316,0.8,-0.4,0.5
1299,1.10057e-316,1.10688e-316,0.8,-0.4,0.5
1300,1.10066e-316,1.10697e-316,0.8,-0.4,0.5
1301,1.10075e-316,1.10706e-316,0.8,-0.4,0.5
1302,1.10084e-316,1.10715e-316,0.8,-0.4,0.5
1303,1.10093e-316,1.10724e-316,0.8,-0.4,0.5
1304,1.10102e-316,1.10733e-316,0.8,-0.4,0.5
1305,1.10111e-316,1.10742e-316,0.8,-0.4,0.5
1306,1.1012e-316,1.10751e-316,0.8,-0.4,0.5
1307,1.10129e-316,1.1076e-316,0.8,-0.4,0.5
1308,1.10138e-316,1.10769e-316,0.8,-0.4,0.5
1309,1.10147e-316,1.10778e-316,0.8,-0.4,0.5
1310,1.10156e-316,1.10787e-316,0.8,-0.4,0.5
1311,1.10165e-316,1.10796e-316,0.8,-0.4,0.5
1312,1.10174e-316,1.10805e-316,0.8,-0.4,0.5
1313,1.10183e-316,1.10814e-316,0.8,-0.4,0.5
1314,1.10192e-316,1.10823e-316,0.8,-0.4,0.5
1315,1.10201e-316,1.10832e-316,0.8,-0.4,0.5
1316,1.1021e-316,1.10841e-316,0.8,-0.4,0.5
1317,1.10219e-316,1.1085e-316,0.8,-0.4,0.5
1318,1.10228e-316,1.10859e-316,0.8,-0.4,0.5
1319,1.10237e-316,1.10868e-316,0.8,-0.4,0.5
1320,1.10246e-316,1.10877e-316,0.8,-0.4,0.5
1321,1.10255e-316,1.10886e-316,0.8,-0.4,0.5
1322,1.10264e-316,1.10895e-316,0.8,-0.4,0.5
1323,1.10273e-316,1.10904e-316,0.8,-0.4,0.5
1324,1.10282e-316,1.10913e-316,0.8,-0.4,0.5
1325,1.10291e-316,1.10922e-316,0.8,-0.4,0.5
1326,1.103e-316,1.10931e-316,0.8,-0.4,0.5
1327,1.10309e-316,1.1094e-316,0.8,-0.4,0.5
1328,1.10318e-316,1.10949e-316,0.8,-0.4,0.5
1329,1.10327e-316,1.10958e-316,0.8,-0.4,0.5
1330,1.10336e-316,1.10967e-316,0.8,-0.4,0.5
1331,1.10345e-316,1.10976e-316,0.8,-0.4,0.5
1332,1.10354e-316,1.10985e-316,0.8,-0.4,0.5
1333,1.10363e-316,1.10994e-316,0.8,-0.4,0.5
1334,1.10372e-316,1.11003e-316,0.8,-0.4,0.5
1335,1.10381e-316,1.11012e-316,0.8,-0.4,0.5
1336,1.10391e-316,1.11021e-316,0.8,-0.4,0.5
1337,1.104e-316,1.1103e-316,0.8,-0.4,0.5
1338,1.10409e-316,1.11039e-316,0.8,-0.4,0.5
1339,1.10418e-316,1.11048e-316,0.8,-0.4,0.5
1340,1.10427e-316,1.11057e-316,0.8,-0.4,0.5
1341,1.10436e-316,1.11066e-316,0.8,-0.4,0.5
1342,1.10445e-316,1.11075e-316,0.8,-0.4,0.5
1343,1.10454e-316,1.11084e-316,0.8,-0.4,0.5
1344,1.10463e-316,1.11093e-316,0.8,-0.4,0.5
1345,1.10472e-316,1.11102e-316,0.8,-0.4,0.5
1346,1.10481e-316,1.11111e-316,0.8,-0.4,0.5
1347,1.1049e-316,1.1112e-316,0.8,-0.4,0.5
1348,1.10499e-316,1.11129e-316,0.8,-0.4,0.5
1349,1.10508e-316,1.11138e-316,0.8,-0.4,0.5
1350,1.10517e-316,1.28631e-316,0.8,-0.4,0.5
1351,1.10526e-316,1.2864e-316,0.8,-0.4,0.5
1352,1.10535e-316,1.28649e-316,0.8,-0.4,0.5
1353,1.10544e-316,1.28658e-316,0.8,-0.4,0.5
1354,1.10553e-316,1.28667e-316,0.8,-0.4,0.5
1355,1.10562e-316,1.28676e-316,0.8,-0.4,0.5
1356,1.10571e-316,1.28685e-316,0.8,-0.4,0.5
1357,1.1058e-316,1.28694e-316,0.8,-0.4,0.5
1358,1.10589e-316,1.28703e-316,0.8,-0.4,0.5
1359,1.10598e-316,1.28712e-316,0.8,-0.4,0.5
1360,1.10607e-316,1.28721e-316,0.8,-0.4,0.5
1361,1.10616e-316,1.2873e-316,0.8,-0.4,0.5
1362,1.10625e-316,1.28739e-316,0.8,-0.4,0.5
1363,1.10634e-316,1.28748e-316,0.8,-0.4,0.5
1364,1.10643e-316,1.28757e-316,0.8,-0.4,0.5
1365,1.10652e-316,1.28766e-316,0.8,-0.4,0.5
1366,1.10661e-316,1.28775e-316,0.8,-0.4,0.5
1367,1.1067e-316,1.28784e-316,0.8,-0.4,0.5
1368,1.10679e-316,1.28793e-316,0.8,-0.4,0.5
1369,1.10688e-316,1.28802e-316,0.8,-0.4,0.5
1370,1.10697e-316,1.28811e-316,0.8,-0.4,0.5
1371,1.10706e-316,1.2882e-316,0.8,-0.4,0.5
1372,1.10715e-316,1.28829e-316,0.8,-0.4,0.5
1373,1.10724e-316,1.28838e-316,0.8,-0.4,0.5
1374,1.10733e-316,1.28847e-316,0.8,-0.4,0.5
1375,1.10742e-316,1.28856e-316,0.8,-0.4,0.5
1376,1.10751e-316,1.28865e-316,0.8,-0.4,0.5
1377,1.1076e-316,1.28874e-316,0.8,-0.4,0.5
1378,1.10769e-316,1.28884e-316,0.8,-0.4,0.5
1379,1.10778e-316,1.28893e-316,0.8,-0.4,0.5
1380,1.10787e-316,1.28902e-316,0.8,-0.4,0.5
1381,1.10796e-316,1.28911e-316,0.8,-0.4,0.5
1382,1.10805e-316,1.2892e-316,0.8,-0.4,0.5
1383,1.10814e-316,1.28929e-316,0.8,-0.4,0.5
1384,1.10823e-316,1.28938e-316,0.8,-0.4,0.5
1385,1.10832e-316,1.28947e-316,0.8,-0.4,0.5
1386,1.10841e-316,1.28956e-316,0.8,-0.4,0.5
1387,1.1085e-316,1.28965e-316,0.8,-0.4,0.5
1388,1.10859e-316,1.28974e-316,0.8,-0.4,0.5
1389,1.10868e-316,1.28983e-316,0.8,-0.4,0.5
1390,1.10877e-316,1.28992e-316,0.8,-0.4,0.5
1391,1.10886e-316,1.29001e-316,0.8,-0.4,0.5
1392,1.10895e-316,1.2901e-316,0.8,-0.4,0.5
1393,1.10904e-316,1.29019e-316,0.8,-0.4,0.5
1394,1.10913e-316,1.29028e-316,0.8,-0.4,0.5
1395,1.10922e-316,1.29037e-316,0.8,-0.4,0.5
1396,1.10931e-316,1.29046e-316,0.8,-0.4,0.5
1397,1.1094e-316,1.29055e-316,0.8,-0.4,0.5
1398,1.10949e-316,1.29064e-316,0.8,-0.4,0.5
1399,1.10958e-316,1.29073e-316,0.8,-0.4,0.5
1400,1.10967e-316,1.29082e-316,0.8,-0.4,0.5
1401,1.10976e-316,1.29091e-316,0.8,-0.4,0.5
1402,1.10985e-316,1.291e-316,0.8,-0.4,0.5
1403,1.10994e-316,1.29109e-316,0.8,-0.4,0.5
1404,1.11003e-316,1.29118e-316,0.8,-0.4,0.5
1405,1.11012e-316,1.29127e-316,0.8,-0.4,0.5
1406,1.11021e-316,1.29136e-316,0.8,-0.4,0.5
1407,1.1103e-316,1.29145e-316,0.8,-0.4,0.5
1408,1.11039e-316,1.29154e-316,0.8,-0.4,0.5
1409,1.11048e-316,1.29163e-316,0.8,-0.4,0.5
1410,1.11057e-316,1.29172e-316,0.8,-0.4,0.5
1411,1.11066e-316,1.29181e-316,0.8,-0.4,0.5
1412,1.11075e-316,1.2919e-316,0.8,-0.4,0.5
1413,1.11084e-316,1.29199e-316,0.8,-0.4,0.5
1414,1.11093e-316,1.29208e-316,0.8,-0.4,0.5
1415,1.11102e-316,1.29217e-316,0.8,-0.4,0.5
1416,1.11111e-316,1.29226e-316,0.8,-0.4,0.5
1417,1.1112e-316,1.29235e-316,0.8,-0.4,0.5
1418,1.11129e-316,1.29244e-316,0.8,-0.4,0.5
1419,1.11138e-316,1.29253e-316,0.8,-0.4,0.5
1420,1.28631e-316,1.29262e-316,0.8,-0.4,0.5
1421,1.2864e-316,1.29271e-316,0.8,-0.4,0.5
1422,1.28649e-316,1.2928e-316,0.8,-0.4,0.5
1423,1.28658e-316,1.29289e-316,0.8,-0.4,0.5
1424,1.28667e-316,1.29298e-316,0.8,-0.4,0.5
1425,1.28676e-316,1.29307e-316,0.8,-0.4,0.5
1426,1.28685e-316,1.29316e-316,0.8,-0.4,0.5
1427,1.28694e-316,1.29325e-316,0.8,-0.4,0.5
1428,1.28703e-316,1.29334e-316,0.8,-0.4,0.5
1429,1.28712e-316,1.29343e-316,0.8,-0.4,0.5
1430,1.28721e-316,1.29352e-316,0.8,-0.4,0.5
1431,1.2873e-316,1.29361e-316,0.8,-0.4,0.5
1432,1.28739e-316,1.2937e-316,0.8,-0.4,0.5
1433,1.28748e-316,1.29379e-316,0.8,-0.4,0.5
1434,1.28757e-316,1.29388e-316,0.8,-0.4,0.5
1435,1.28766e-316,1.29397e-316,0.8,-0.4,0.5
1436,1.28775e-316,1.29406e-316,0.8,-0.4,0.5
1437,1.28784e-316,1.29415e-316,0.8,-0.4,0.5
1438,1.28793e-316,1.29424e-316,0.8,-0.4,0.5
1439,1.28802e-316,1.29433e-316,0.4,-0.4,0.5
